"../../../Engine/Plugins/Animation/ACLPlugin/Content/ACLAnimCurveCompressionSettings.uasset" 0
"../../../Engine/Plugins/Animation/ACLPlugin/Content/ACLAnimCurveCompressionSettings.uexp" 1
"../../../Engine/Plugins/Animation/ACLPlugin/Content/ACLAnimBoneCompressionSettings.uasset" 2
"../../../Engine/Plugins/Animation/ACLPlugin/Content/ACLAnimBoneCompressionSettings.uexp" 3
"../../../Engine/Plugins/2D/Paper2D/Content/PlaceholderTextures/DummySpriteTexture.ubulk" 4
"../../../Engine/Plugins/2D/Paper2D/Content/PlaceholderTextures/DummySpriteTexture.uasset" 5
"../../../Engine/Plugins/2D/Paper2D/Content/PlaceholderTextures/DummySpriteTexture.uexp" 6
"../../../Engine/Plugins/2D/Paper2D/Content/DummySprite.uasset" 7
"../../../Engine/Plugins/2D/Paper2D/Content/DummySprite.uexp" 8
"../../../Engine/Plugins/2D/Paper2D/Content/DefaultPaperTerrainMaterial.uasset" 9
"../../../Engine/Plugins/2D/Paper2D/Content/DefaultPaperTerrainMaterial.uexp" 10
"../../../Engine/Plugins/Interchange/Runtime/Content/Pipelines/DefaultTexturePipeline.uasset" 11
"../../../Engine/Plugins/Interchange/Runtime/Content/Pipelines/DefaultTexturePipeline.uexp" 12
"../../../Engine/Plugins/Interchange/Runtime/Content/Pipelines/DefaultSceneLevelPipeline.uasset" 13
"../../../Engine/Plugins/Interchange/Runtime/Content/Pipelines/DefaultSceneLevelPipeline.uexp" 14
"../../../Engine/Plugins/Interchange/Runtime/Content/Pipelines/DefaultSceneAssetsPipeline.uasset" 15
"../../../Engine/Plugins/Interchange/Runtime/Content/Pipelines/DefaultSceneAssetsPipeline.uexp" 16
"../../../Engine/Plugins/Interchange/Runtime/Content/Pipelines/DefaultMaterialXPipeline.uasset" 17
"../../../Engine/Plugins/Interchange/Runtime/Content/Pipelines/DefaultMaterialXPipeline.uexp" 18
"../../../Engine/Plugins/Interchange/Runtime/Content/Pipelines/DefaultMaterialPipeline.uasset" 19
"../../../Engine/Plugins/Interchange/Runtime/Content/Pipelines/DefaultMaterialPipeline.uexp" 20
"../../../Engine/Plugins/Interchange/Runtime/Content/Pipelines/DefaultGLTFSceneAssetsPipeline.uasset" 21
"../../../Engine/Plugins/Interchange/Runtime/Content/Pipelines/DefaultGLTFSceneAssetsPipeline.uexp" 22
"../../../Engine/Plugins/Interchange/Runtime/Content/Pipelines/DefaultGLTFPipeline.uasset" 23
"../../../Engine/Plugins/Interchange/Runtime/Content/Pipelines/DefaultGLTFPipeline.uexp" 24
"../../../Engine/Plugins/Interchange/Runtime/Content/Pipelines/DefaultGLTFAssetsPipeline.uasset" 25
"../../../Engine/Plugins/Interchange/Runtime/Content/Pipelines/DefaultGLTFAssetsPipeline.uexp" 26
"../../../Engine/Plugins/Interchange/Runtime/Content/Pipelines/DefaultAssetsPipeline.uasset" 27
"../../../Engine/Plugins/Interchange/Runtime/Content/Pipelines/DefaultAssetsPipeline.uexp" 28
"../../../Engine/Plugins/Animation/ControlRig/Content/Controls/DefaultGizmoLibraryNormalized.uasset" 29
"../../../Engine/Plugins/Animation/ControlRig/Content/Controls/DefaultGizmoLibraryNormalized.uexp" 30
"../../../Engine/Content/EngineSounds/Master.uasset" 31
"../../../Engine/Content/EngineSounds/Master.uexp" 32
"../../../Engine/Content/EngineMaterials/DefaultPhysicalMaterial.uasset" 33
"../../../Engine/Content/EngineMaterials/DefaultPhysicalMaterial.uexp" 34
"../../../Engine/Content/EngineMaterials/DefaultDestructiblePhysicalMaterial.uasset" 35
"../../../Engine/Content/EngineMaterials/DefaultDestructiblePhysicalMaterial.uexp" 36
"../../../Engine/Content/EngineFonts/Faces/RobotoLight.uexp" 37
"../../../Engine/Content/EngineFonts/Faces/RobotoLight.uasset" 38
"../../../Engine/Content/EngineFonts/Faces/RobotoLight.ufont" 39
"../../../Engine/Content/EngineFonts/Faces/RobotoBold.uexp" 40
"../../../Engine/Content/EngineFonts/Faces/RobotoBold.uasset" 41
"../../../Engine/Content/EngineFonts/Faces/RobotoBold.ufont" 42
"../../../Engine/Content/EngineFonts/Faces/RobotoRegular.uexp" 43
"../../../Engine/Content/EngineFonts/Faces/RobotoRegular.uasset" 44
"../../../Engine/Content/EngineFonts/Faces/RobotoRegular.ufont" 45
"../../../Engine/Content/EngineFonts/Faces/DroidSansFallback.uexp" 46
"../../../Engine/Content/EngineFonts/Faces/DroidSansFallback.uasset" 47
"../../../Engine/Content/EngineFonts/Faces/DroidSansFallback.ufont" 48
"../../../Engine/Content/EngineFonts/Faces/RobotoItalic.uexp" 49
"../../../Engine/Content/EngineFonts/Faces/RobotoItalic.uasset" 50
"../../../Engine/Content/EngineFonts/Faces/RobotoItalic.ufont" 51
"../../../Engine/Content/EngineFonts/Faces/RobotoBoldItalic.uexp" 52
"../../../Engine/Content/EngineFonts/Faces/RobotoBoldItalic.uasset" 53
"../../../Engine/Content/EngineFonts/Faces/RobotoBoldItalic.ufont" 54
"../../../Engine/Content/EngineFonts/Roboto.uasset" 55
"../../../Engine/Content/EngineFonts/Roboto.uexp" 56
"../../../Engine/Content/EditorResources/S_Actor.ubulk" 57
"../../../Engine/Content/EditorResources/S_Actor.uasset" 58
"../../../Engine/Content/EditorResources/S_Actor.uexp" 59
"../../../Engine/Plugins/Runtime/AudioWidgets/Content/Resources/ScrubHandleDown_Clamped.uasset" 60
"../../../Engine/Plugins/Runtime/AudioWidgets/Content/Resources/ScrubHandleDown_Clamped.uexp" 61
"../../../Engine/Content/EngineResources/GradientTexture0.uasset" 62
"../../../Engine/Content/EngineResources/GradientTexture0.uexp" 63
"../../../Engine/Content/EngineResources/DefaultTexture.ubulk" 64
"../../../Engine/Content/EngineResources/DefaultTexture.uasset" 65
"../../../Engine/Content/EngineResources/DefaultTexture.uexp" 66
"../../../Engine/Content/EngineResources/Black.uasset" 67
"../../../Engine/Content/EngineResources/Black.uexp" 68
"../../../Engine/Content/EngineMaterials/PreintegratedSkinBRDF.uasset" 69
"../../../Engine/Content/EngineMaterials/PreintegratedSkinBRDF.uexp" 70
"../../../Engine/Content/EngineMaterials/MiniFont.uasset" 71
"../../../Engine/Content/EngineMaterials/MiniFont.uexp" 72
"../../../Engine/Content/EngineMaterials/FastBlueNoise_vec2_128x128x64.uasset" 73
"../../../Engine/Content/EngineMaterials/FastBlueNoise_vec2_128x128x64.uexp" 74
"../../../Engine/Content/EngineMaterials/FastBlueNoise_scalar_128x128x64.uasset" 75
"../../../Engine/Content/EngineMaterials/FastBlueNoise_scalar_128x128x64.uexp" 76
"../../../Engine/Content/EngineMaterials/DefaultWhiteGrid.ubulk" 77
"../../../Engine/Content/EngineMaterials/DefaultWhiteGrid.uasset" 78
"../../../Engine/Content/EngineMaterials/DefaultWhiteGrid.uexp" 79
"../../../Engine/Content/EngineMaterials/DefaultBokeh.uasset" 80
"../../../Engine/Content/EngineMaterials/DefaultBokeh.uexp" 81
"../../../Engine/Content/EngineMaterials/DefaultBloomKernel.uasset" 82
"../../../Engine/Content/EngineMaterials/DefaultBloomKernel.uexp" 83
"../../../Engine/Content/EngineDamageTypes/DmgTypeBP_Environmental.uasset" 84
"../../../Engine/Content/EngineDamageTypes/DmgTypeBP_Environmental.uexp" 85
"../../../Engine/Content/EditorResources/S_TriggerSphere.uasset" 86
"../../../Engine/Content/EditorResources/S_TriggerSphere.uexp" 87
"../../../Engine/Content/EditorResources/S_TriggerCapsule.uasset" 88
"../../../Engine/Content/EditorResources/S_TriggerCapsule.uexp" 89
"../../../Engine/Content/EditorResources/S_TriggerBox.uasset" 90
"../../../Engine/Content/EditorResources/S_TriggerBox.uexp" 91
"../../../Engine/Content/EditorResources/S_Trigger.ubulk" 92
"../../../Engine/Content/EditorResources/S_Trigger.uasset" 93
"../../../Engine/Content/EditorResources/S_Trigger.uexp" 94
"../../../Engine/Content/EditorResources/S_Terrain.ubulk" 95
"../../../Engine/Content/EditorResources/S_Terrain.uasset" 96
"../../../Engine/Content/EditorResources/S_Terrain.uexp" 97
"../../../Engine/Content/EditorResources/S_Solver.ubulk" 98
"../../../Engine/Content/EditorResources/S_Solver.uasset" 99
"../../../Engine/Content/EditorResources/S_Solver.uexp" 100
"../../../Engine/Content/EditorResources/S_BoxReflectionCapture.uasset" 101
"../../../Engine/Content/EditorResources/S_BoxReflectionCapture.uexp" 102
"../../../Engine/Content/EditorResources/EmptyActor.uasset" 103
"../../../Engine/Content/EditorResources/EmptyActor.uexp" 104
"../../../Engine/Content/EditorResources/BSPVertex.uasset" 105
"../../../Engine/Content/EditorResources/BSPVertex.uexp" 106
"../../../Engine/Content/EditorLandscapeResources/DefaultAlphaTexture.uasset" 107
"../../../Engine/Content/EditorLandscapeResources/DefaultAlphaTexture.uexp" 108
"../../../Engine/Content/EngineResources/FilmGrains/Marcie_Grain_v3_128_M2_000.uasset" 109
"../../../Engine/Content/EngineResources/FilmGrains/Marcie_Grain_v3_128_M2_000.uexp" 110
"../../../Engine/Content/EngineMaterials/LTC/Sheen_LTC.uasset" 111
"../../../Engine/Content/EngineMaterials/LTC/Sheen_LTC.uexp" 112
"../../../Engine/Content/EngineMaterials/LTC/GGX_LTCMat.uasset" 113
"../../../Engine/Content/EngineMaterials/LTC/GGX_LTCMat.uexp" 114
"../../../Engine/Content/EngineMaterials/LTC/GGX_LTCAmp.uasset" 115
"../../../Engine/Content/EngineMaterials/LTC/GGX_LTCAmp.uexp" 116
"../../../Engine/Content/EngineMaterials/EnergyConservation/Sheen_Energy.uasset" 117
"../../../Engine/Content/EngineMaterials/EnergyConservation/Sheen_Energy.uexp" 118
"../../../Engine/Content/EngineMaterials/EnergyConservation/SheenLegacy_Energy.uasset" 119
"../../../Engine/Content/EngineMaterials/EnergyConservation/SheenLegacy_Energy.uexp" 120
"../../../Engine/Content/EngineMaterials/EnergyConservation/GGX_TransmissionEnergyArray.uasset" 121
"../../../Engine/Content/EngineMaterials/EnergyConservation/GGX_TransmissionEnergyArray.uexp" 122
"../../../Engine/Content/EngineMaterials/EnergyConservation/GGX_ReflectionEnergy.uasset" 123
"../../../Engine/Content/EngineMaterials/EnergyConservation/GGX_ReflectionEnergy.uexp" 124
"../../../Engine/Content/EngineMaterials/EnergyConservation/Diffuse_Energy.uasset" 125
"../../../Engine/Content/EngineMaterials/EnergyConservation/Diffuse_Energy.uexp" 126
"../../../Engine/Content/EditorResources/SequenceRecorder/RecordingIndicator.uasset" 127
"../../../Engine/Content/EditorResources/SequenceRecorder/RecordingIndicator.uexp" 128
"../../../Engine/Content/EditorResources/SequenceRecorder/Countdown.uasset" 129
"../../../Engine/Content/EditorResources/SequenceRecorder/Countdown.uexp" 130
"../../../Engine/Content/EditorMaterials/ParticleSystems/PSysThumbnail_OOD.ubulk" 131
"../../../Engine/Content/EditorMaterials/ParticleSystems/PSysThumbnail_OOD.uasset" 132
"../../../Engine/Content/EditorMaterials/ParticleSystems/PSysThumbnail_OOD.uexp" 133
"../../../Engine/Content/EditorMaterials/ParticleSystems/PSysThumbnail_NoImage.ubulk" 134
"../../../Engine/Content/EditorMaterials/ParticleSystems/PSysThumbnail_NoImage.uasset" 135
"../../../Engine/Content/EditorMaterials/ParticleSystems/PSysThumbnail_NoImage.uexp" 136
"C:/Users/tonya/Desktop/Git/GameFeelUnreal/RTS/Content/TopDown/Sounds/s_Select.ubulk" 137
"C:/Users/tonya/Desktop/Git/GameFeelUnreal/RTS/Content/TopDown/Sounds/s_Select.uasset" 138
"C:/Users/tonya/Desktop/Git/GameFeelUnreal/RTS/Content/TopDown/Sounds/s_Select.uexp" 139
"C:/Users/tonya/Desktop/Git/GameFeelUnreal/RTS/Content/TopDown/Blueprints/E_ResourceType.uasset" 140
"C:/Users/tonya/Desktop/Git/GameFeelUnreal/RTS/Content/TopDown/Blueprints/E_ResourceType.uexp" 141
"C:/Users/tonya/Desktop/Git/GameFeelUnreal/RTS/Content/CR/LQ/AMT_Physics/PA_FullBody.uasset" 142
"C:/Users/tonya/Desktop/Git/GameFeelUnreal/RTS/Content/CR/LQ/AMT_Physics/PA_FullBody.uexp" 143
"C:/Users/tonya/Desktop/Git/GameFeelUnreal/RTS/Content/CR/LQ/AMT_Materials/M_Master/M_Master.uasset" 144
"C:/Users/tonya/Desktop/Git/GameFeelUnreal/RTS/Content/CR/LQ/AMT_Materials/M_Master/M_Master.uexp" 145
"C:/Users/tonya/Desktop/Git/GameFeelUnreal/RTS/Content/CR/LQ/AMT_Materials/MI_002_1.uasset" 146
"C:/Users/tonya/Desktop/Git/GameFeelUnreal/RTS/Content/CR/LQ/AMT_Materials/MI_002_1.uexp" 147
"C:/Users/tonya/Desktop/Git/GameFeelUnreal/RTS/Content/CR/LQ/AMT_Materials/MI_002_6.uasset" 148
"C:/Users/tonya/Desktop/Git/GameFeelUnreal/RTS/Content/CR/LQ/AMT_Materials/MI_002_6.uexp" 149
"C:/Users/tonya/Desktop/Git/GameFeelUnreal/RTS/Content/CR/LQ/AMT_Materials/MI_004_6.uasset" 150
"C:/Users/tonya/Desktop/Git/GameFeelUnreal/RTS/Content/CR/LQ/AMT_Materials/MI_004_6.uexp" 151
"C:/Users/tonya/Desktop/Git/GameFeelUnreal/RTS/Content/CR/LQ/AMT_Materials/MI_001_4.uasset" 152
"C:/Users/tonya/Desktop/Git/GameFeelUnreal/RTS/Content/CR/LQ/AMT_Materials/MI_001_4.uexp" 153
"C:/Users/tonya/Desktop/Git/GameFeelUnreal/RTS/Content/CR/LQ/AMT_Materials/MI_001_7.uasset" 154
"C:/Users/tonya/Desktop/Git/GameFeelUnreal/RTS/Content/CR/LQ/AMT_Materials/MI_001_7.uexp" 155
"C:/Users/tonya/Desktop/Git/GameFeelUnreal/RTS/Content/CR/LQ/AMT_Materials/MI_001_8.uasset" 156
"C:/Users/tonya/Desktop/Git/GameFeelUnreal/RTS/Content/CR/LQ/AMT_Materials/MI_001_8.uexp" 157
"C:/Users/tonya/Desktop/Git/GameFeelUnreal/RTS/Content/CR/LQ/AMT_Materials/M_Master/M_MasterMetal.uasset" 158
"C:/Users/tonya/Desktop/Git/GameFeelUnreal/RTS/Content/CR/LQ/AMT_Materials/M_Master/M_MasterMetal.uexp" 159
"C:/Users/tonya/Desktop/Git/GameFeelUnreal/RTS/Content/CR/LQ/AMT_Materials/MI_Metal_001_3.uasset" 160
"C:/Users/tonya/Desktop/Git/GameFeelUnreal/RTS/Content/CR/LQ/AMT_Materials/MI_Metal_001_3.uexp" 161
"C:/Users/tonya/Desktop/Git/GameFeelUnreal/RTS/Content/CR/Demo/Meshes/SK_Mannequin.uasset" 162
"C:/Users/tonya/Desktop/Git/GameFeelUnreal/RTS/Content/CR/Demo/Meshes/SK_Mannequin.uexp" 163
"C:/Users/tonya/Desktop/Git/GameFeelUnreal/RTS/Content/CR/LQ/CharacterModular/Modular_011_Survival20/Mesh/SKM_Survival20_1.uasset" 164
"C:/Users/tonya/Desktop/Git/GameFeelUnreal/RTS/Content/CR/LQ/CharacterModular/Modular_011_Survival20/Mesh/SKM_Survival20_1.uexp" 165
"C:/Users/tonya/Desktop/Git/GameFeelUnreal/RTS/Content/TopDown/Camera/BP_CameraShake.uasset" 166
"C:/Users/tonya/Desktop/Git/GameFeelUnreal/RTS/Content/TopDown/Camera/BP_CameraShake.uexp" 167
"C:/Users/tonya/Desktop/Git/GameFeelUnreal/RTS/Content/TopDown/Camera/BP_CameraDirectorEvaluator.uasset" 168
"C:/Users/tonya/Desktop/Git/GameFeelUnreal/RTS/Content/TopDown/Camera/BP_CameraDirectorEvaluator.uexp" 169
"C:/Users/tonya/Desktop/Git/GameFeelUnreal/RTS/Content/TopDown/Camera/BP_CameraDirector.uasset" 170
"C:/Users/tonya/Desktop/Git/GameFeelUnreal/RTS/Content/TopDown/Camera/BP_CameraDirector.uexp" 171
"C:/Users/tonya/Desktop/Git/GameFeelUnreal/RTS/Content/TopDown/Blueprints/BP_RTSPlayer.uasset" 172
"C:/Users/tonya/Desktop/Git/GameFeelUnreal/RTS/Content/TopDown/Blueprints/BP_RTSPlayer.uexp" 173
"C:/Users/tonya/Desktop/Git/GameFeelUnreal/RTS/Content/TopDown/Sounds/SCS_Music.uasset" 174
"C:/Users/tonya/Desktop/Git/GameFeelUnreal/RTS/Content/TopDown/Sounds/SCS_Music.uexp" 175
"C:/Users/tonya/Desktop/Git/GameFeelUnreal/RTS/Content/TopDown/Sounds/SCS__Master.uasset" 176
"C:/Users/tonya/Desktop/Git/GameFeelUnreal/RTS/Content/TopDown/Sounds/SCS__Master.uexp" 177
"C:/Users/tonya/Desktop/Git/GameFeelUnreal/RTS/Content/TopDown/Sounds/SCS_SFX.uasset" 178
"C:/Users/tonya/Desktop/Git/GameFeelUnreal/RTS/Content/TopDown/Sounds/SCS_SFX.uexp" 179
"C:/Users/tonya/Desktop/Git/GameFeelUnreal/RTS/Content/TopDown/Sounds/s_MoveOrder.ubulk" 180
"C:/Users/tonya/Desktop/Git/GameFeelUnreal/RTS/Content/TopDown/Sounds/s_MoveOrder.uasset" 181
"C:/Users/tonya/Desktop/Git/GameFeelUnreal/RTS/Content/TopDown/Sounds/s_MoveOrder.uexp" 182
"C:/Users/tonya/Desktop/Git/GameFeelUnreal/RTS/Content/TopDown/Sounds/SC_Move_Cue.uasset" 183
"C:/Users/tonya/Desktop/Git/GameFeelUnreal/RTS/Content/TopDown/Sounds/SC_Move_Cue.uexp" 184
"C:/Users/tonya/Desktop/Git/GameFeelUnreal/RTS/Content/Cursor/T_Arrow.uasset" 185
"C:/Users/tonya/Desktop/Git/GameFeelUnreal/RTS/Content/Cursor/T_Arrow.uexp" 186
"../../../Engine/Content/Functions/Engine_MaterialFunctions02/Utility/BreakOutFloat2Components.uasset" 187
"../../../Engine/Content/Functions/Engine_MaterialFunctions02/Utility/BreakOutFloat2Components.uexp" 188
"C:/Users/tonya/Desktop/Git/GameFeelUnreal/RTS/Content/Cursor/M_Cursor.uasset" 189
"C:/Users/tonya/Desktop/Git/GameFeelUnreal/RTS/Content/Cursor/M_Cursor.uexp" 190
"C:/Users/tonya/Desktop/Git/GameFeelUnreal/RTS/Content/Cursor/SM_CursorMesh.ubulk" 191
"C:/Users/tonya/Desktop/Git/GameFeelUnreal/RTS/Content/Cursor/SM_CursorMesh.uasset" 192
"C:/Users/tonya/Desktop/Git/GameFeelUnreal/RTS/Content/Cursor/SM_CursorMesh.uexp" 193
"C:/Users/tonya/Desktop/Git/GameFeelUnreal/RTS/Content/Cursor/FX_Cursor.uasset" 194
"C:/Users/tonya/Desktop/Git/GameFeelUnreal/RTS/Content/Cursor/FX_Cursor.uexp" 195
"C:/Users/tonya/Desktop/Git/GameFeelUnreal/RTS/Content/TopDown/Input/Actions/IA_SetDestination_Touch.uasset" 196
"C:/Users/tonya/Desktop/Git/GameFeelUnreal/RTS/Content/TopDown/Input/Actions/IA_SetDestination_Touch.uexp" 197
"C:/Users/tonya/Desktop/Git/GameFeelUnreal/RTS/Content/TopDown/Input/Actions/IA_SetDestination_Click.uasset" 198
"C:/Users/tonya/Desktop/Git/GameFeelUnreal/RTS/Content/TopDown/Input/Actions/IA_SetDestination_Click.uexp" 199
"C:/Users/tonya/Desktop/Git/GameFeelUnreal/RTS/Content/TopDown/Input/IMC_Default.uasset" 200
"C:/Users/tonya/Desktop/Git/GameFeelUnreal/RTS/Content/TopDown/Input/IMC_Default.uexp" 201
"C:/Users/tonya/Desktop/Git/GameFeelUnreal/RTS/Content/LowPoly_Castle/Castle_Textures/T_MainWindow_Normals.ubulk" 202
"C:/Users/tonya/Desktop/Git/GameFeelUnreal/RTS/Content/LowPoly_Castle/Castle_Textures/T_MainWindow_Normals.uasset" 203
"C:/Users/tonya/Desktop/Git/GameFeelUnreal/RTS/Content/LowPoly_Castle/Castle_Textures/T_MainWindow_Normals.uexp" 204
"C:/Users/tonya/Desktop/Git/GameFeelUnreal/RTS/Content/LowPoly_Castle/Castle_Textures/T_CastleOuterTower_Roughness.ubulk" 205
"C:/Users/tonya/Desktop/Git/GameFeelUnreal/RTS/Content/LowPoly_Castle/Castle_Textures/T_CastleOuterTower_Roughness.uasset" 206
"C:/Users/tonya/Desktop/Git/GameFeelUnreal/RTS/Content/LowPoly_Castle/Castle_Textures/T_CastleOuterTower_Roughness.uexp" 207
"C:/Users/tonya/Desktop/Git/GameFeelUnreal/RTS/Content/LowPoly_Castle/Castle_Textures/T_CastleOuterTower_Base.ubulk" 208
"C:/Users/tonya/Desktop/Git/GameFeelUnreal/RTS/Content/LowPoly_Castle/Castle_Textures/T_CastleOuterTower_Base.uasset" 209
"C:/Users/tonya/Desktop/Git/GameFeelUnreal/RTS/Content/LowPoly_Castle/Castle_Textures/T_CastleOuterTower_Base.uexp" 210
"../../../Engine/Content/EngineMaterials/Good64x64TilingNoiseHighFreq.uasset" 211
"../../../Engine/Content/EngineMaterials/Good64x64TilingNoiseHighFreq.uexp" 212
"C:/Users/tonya/Desktop/Git/GameFeelUnreal/RTS/Content/LowPoly_Castle/Castle_Textures/T_CastleOuterTower_Normals.ubulk" 213
"C:/Users/tonya/Desktop/Git/GameFeelUnreal/RTS/Content/LowPoly_Castle/Castle_Textures/T_CastleOuterTower_Normals.uasset" 214
"C:/Users/tonya/Desktop/Git/GameFeelUnreal/RTS/Content/LowPoly_Castle/Castle_Textures/T_CastleOuterTower_Normals.uexp" 215
"../../../Engine/Content/Functions/Engine_MaterialFunctions02/Texturing/ScreenAlignedPixelToPixelUVs.uasset" 216
"../../../Engine/Content/Functions/Engine_MaterialFunctions02/Texturing/ScreenAlignedPixelToPixelUVs.uexp" 217
"../../../Engine/Content/Functions/Engine_MaterialFunctions02/Utility/DitherTemporalAA.uasset" 218
"../../../Engine/Content/Functions/Engine_MaterialFunctions02/Utility/DitherTemporalAA.uexp" 219
"C:/Users/tonya/Desktop/Git/GameFeelUnreal/RTS/Content/TopDown/Props/MM_PBR.uasset" 220
"C:/Users/tonya/Desktop/Git/GameFeelUnreal/RTS/Content/TopDown/Props/MM_PBR.uexp" 221
"C:/Users/tonya/Desktop/Git/GameFeelUnreal/RTS/Content/LowPoly_Castle/Castle_Textures/T_MainWindow_Roughness.ubulk" 222
"C:/Users/tonya/Desktop/Git/GameFeelUnreal/RTS/Content/LowPoly_Castle/Castle_Textures/T_MainWindow_Roughness.uasset" 223
"C:/Users/tonya/Desktop/Git/GameFeelUnreal/RTS/Content/LowPoly_Castle/Castle_Textures/T_MainWindow_Roughness.uexp" 224
"C:/Users/tonya/Desktop/Git/GameFeelUnreal/RTS/Content/LowPoly_Castle/Castle_Textures/T_MainWindow_Base.ubulk" 225
"C:/Users/tonya/Desktop/Git/GameFeelUnreal/RTS/Content/LowPoly_Castle/Castle_Textures/T_MainWindow_Base.uasset" 226
"C:/Users/tonya/Desktop/Git/GameFeelUnreal/RTS/Content/LowPoly_Castle/Castle_Textures/T_MainWindow_Base.uexp" 227
"C:/Users/tonya/Desktop/Git/GameFeelUnreal/RTS/Content/TopDown/Props/MI_MainWindow.uasset" 228
"C:/Users/tonya/Desktop/Git/GameFeelUnreal/RTS/Content/TopDown/Props/MI_MainWindow.uexp" 229
"C:/Users/tonya/Desktop/Git/GameFeelUnreal/RTS/Content/LowPoly_Castle/Castle_Textures/T_CastleRoofRop_Base.ubulk" 230
"C:/Users/tonya/Desktop/Git/GameFeelUnreal/RTS/Content/LowPoly_Castle/Castle_Textures/T_CastleRoofRop_Base.uasset" 231
"C:/Users/tonya/Desktop/Git/GameFeelUnreal/RTS/Content/LowPoly_Castle/Castle_Textures/T_CastleRoofRop_Base.uexp" 232
"C:/Users/tonya/Desktop/Git/GameFeelUnreal/RTS/Content/LowPoly_Castle/Castle_Textures/T_CastleRoofRop_Roughness.ubulk" 233
"C:/Users/tonya/Desktop/Git/GameFeelUnreal/RTS/Content/LowPoly_Castle/Castle_Textures/T_CastleRoofRop_Roughness.uasset" 234
"C:/Users/tonya/Desktop/Git/GameFeelUnreal/RTS/Content/LowPoly_Castle/Castle_Textures/T_CastleRoofRop_Roughness.uexp" 235
"C:/Users/tonya/Desktop/Git/GameFeelUnreal/RTS/Content/LowPoly_Castle/Castle_Textures/T_CastleRoofRop_Normals.ubulk" 236
"C:/Users/tonya/Desktop/Git/GameFeelUnreal/RTS/Content/LowPoly_Castle/Castle_Textures/T_CastleRoofRop_Normals.uasset" 237
"C:/Users/tonya/Desktop/Git/GameFeelUnreal/RTS/Content/LowPoly_Castle/Castle_Textures/T_CastleRoofRop_Normals.uexp" 238
"C:/Users/tonya/Desktop/Git/GameFeelUnreal/RTS/Content/TopDown/Props/MI_RoofRop.uasset" 239
"C:/Users/tonya/Desktop/Git/GameFeelUnreal/RTS/Content/TopDown/Props/MI_RoofRop.uexp" 240
"C:/Users/tonya/Desktop/Git/GameFeelUnreal/RTS/Content/LowPoly_Castle/Castle_Textures/T_MainDoorCastle_Base.ubulk" 241
"C:/Users/tonya/Desktop/Git/GameFeelUnreal/RTS/Content/LowPoly_Castle/Castle_Textures/T_MainDoorCastle_Base.uasset" 242
"C:/Users/tonya/Desktop/Git/GameFeelUnreal/RTS/Content/LowPoly_Castle/Castle_Textures/T_MainDoorCastle_Base.uexp" 243
"C:/Users/tonya/Desktop/Git/GameFeelUnreal/RTS/Content/LowPoly_Castle/Castle_Textures/T_MainDoorCastle_Roughness.ubulk" 244
"C:/Users/tonya/Desktop/Git/GameFeelUnreal/RTS/Content/LowPoly_Castle/Castle_Textures/T_MainDoorCastle_Roughness.uasset" 245
"C:/Users/tonya/Desktop/Git/GameFeelUnreal/RTS/Content/LowPoly_Castle/Castle_Textures/T_MainDoorCastle_Roughness.uexp" 246
"C:/Users/tonya/Desktop/Git/GameFeelUnreal/RTS/Content/LowPoly_Castle/Castle_Textures/T_MainDoorCastle_Normals.ubulk" 247
"C:/Users/tonya/Desktop/Git/GameFeelUnreal/RTS/Content/LowPoly_Castle/Castle_Textures/T_MainDoorCastle_Normals.uasset" 248
"C:/Users/tonya/Desktop/Git/GameFeelUnreal/RTS/Content/LowPoly_Castle/Castle_Textures/T_MainDoorCastle_Normals.uexp" 249
"C:/Users/tonya/Desktop/Git/GameFeelUnreal/RTS/Content/TopDown/Props/MI_DoorCastle.uasset" 250
"C:/Users/tonya/Desktop/Git/GameFeelUnreal/RTS/Content/TopDown/Props/MI_DoorCastle.uexp" 251
"C:/Users/tonya/Desktop/Git/GameFeelUnreal/RTS/Content/LowPoly_Castle/Castle_Materials/M_CastleRoofTop.uasset" 252
"C:/Users/tonya/Desktop/Git/GameFeelUnreal/RTS/Content/LowPoly_Castle/Castle_Materials/M_CastleRoofTop.uexp" 253
"C:/Users/tonya/Desktop/Git/GameFeelUnreal/RTS/Content/LowPoly_Castle/CastleAssets_Part4/CastleRoofTop/SM_CastleRoofRop.ubulk" 254
"C:/Users/tonya/Desktop/Git/GameFeelUnreal/RTS/Content/LowPoly_Castle/CastleAssets_Part4/CastleRoofTop/SM_CastleRoofRop.uasset" 255
"C:/Users/tonya/Desktop/Git/GameFeelUnreal/RTS/Content/LowPoly_Castle/CastleAssets_Part4/CastleRoofTop/SM_CastleRoofRop.uexp" 256
"C:/Users/tonya/Desktop/Git/GameFeelUnreal/RTS/Content/LowPoly_Castle/Castle_Textures/T_SpeechPathway_Normals.ubulk" 257
"C:/Users/tonya/Desktop/Git/GameFeelUnreal/RTS/Content/LowPoly_Castle/Castle_Textures/T_SpeechPathway_Normals.uasset" 258
"C:/Users/tonya/Desktop/Git/GameFeelUnreal/RTS/Content/LowPoly_Castle/Castle_Textures/T_SpeechPathway_Normals.uexp" 259
"C:/Users/tonya/Desktop/Git/GameFeelUnreal/RTS/Content/LowPoly_Castle/Castle_Textures/T_SpeechPathway_Roughness.ubulk" 260
"C:/Users/tonya/Desktop/Git/GameFeelUnreal/RTS/Content/LowPoly_Castle/Castle_Textures/T_SpeechPathway_Roughness.uasset" 261
"C:/Users/tonya/Desktop/Git/GameFeelUnreal/RTS/Content/LowPoly_Castle/Castle_Textures/T_SpeechPathway_Roughness.uexp" 262
"C:/Users/tonya/Desktop/Git/GameFeelUnreal/RTS/Content/LowPoly_Castle/Castle_Textures/T_SpeechPathway_Base.ubulk" 263
"C:/Users/tonya/Desktop/Git/GameFeelUnreal/RTS/Content/LowPoly_Castle/Castle_Textures/T_SpeechPathway_Base.uasset" 264
"C:/Users/tonya/Desktop/Git/GameFeelUnreal/RTS/Content/LowPoly_Castle/Castle_Textures/T_SpeechPathway_Base.uexp" 265
"C:/Users/tonya/Desktop/Git/GameFeelUnreal/RTS/Content/LowPoly_Castle/Castle_Materials/M_SpeechPathway.uasset" 266
"C:/Users/tonya/Desktop/Git/GameFeelUnreal/RTS/Content/LowPoly_Castle/Castle_Materials/M_SpeechPathway.uexp" 267
"C:/Users/tonya/Desktop/Git/GameFeelUnreal/RTS/Content/LowPoly_Castle/CastleAssets_Part2/SpeechPathway/SM_SpeechPathway.ubulk" 268
"C:/Users/tonya/Desktop/Git/GameFeelUnreal/RTS/Content/LowPoly_Castle/CastleAssets_Part2/SpeechPathway/SM_SpeechPathway.uasset" 269
"C:/Users/tonya/Desktop/Git/GameFeelUnreal/RTS/Content/LowPoly_Castle/CastleAssets_Part2/SpeechPathway/SM_SpeechPathway.uexp" 270
"C:/Users/tonya/Desktop/Git/GameFeelUnreal/RTS/Content/LowPoly_Castle/Castle_Textures/T_MainCastle_Base.ubulk" 271
"C:/Users/tonya/Desktop/Git/GameFeelUnreal/RTS/Content/LowPoly_Castle/Castle_Textures/T_MainCastle_Base.uasset" 272
"C:/Users/tonya/Desktop/Git/GameFeelUnreal/RTS/Content/LowPoly_Castle/Castle_Textures/T_MainCastle_Base.uexp" 273
"C:/Users/tonya/Desktop/Git/GameFeelUnreal/RTS/Content/LowPoly_Castle/Castle_Textures/T_MainCastle_NormalMap.ubulk" 274
"C:/Users/tonya/Desktop/Git/GameFeelUnreal/RTS/Content/LowPoly_Castle/Castle_Textures/T_MainCastle_NormalMap.uasset" 275
"C:/Users/tonya/Desktop/Git/GameFeelUnreal/RTS/Content/LowPoly_Castle/Castle_Textures/T_MainCastle_NormalMap.uexp" 276
"C:/Users/tonya/Desktop/Git/GameFeelUnreal/RTS/Content/LowPoly_Castle/Castle_Textures/T_MainCastle_Roughness.ubulk" 277
"C:/Users/tonya/Desktop/Git/GameFeelUnreal/RTS/Content/LowPoly_Castle/Castle_Textures/T_MainCastle_Roughness.uasset" 278
"C:/Users/tonya/Desktop/Git/GameFeelUnreal/RTS/Content/LowPoly_Castle/Castle_Textures/T_MainCastle_Roughness.uexp" 279
"C:/Users/tonya/Desktop/Git/GameFeelUnreal/RTS/Content/LowPoly_Castle/Castle_Materials/M_MainCastle.uasset" 280
"C:/Users/tonya/Desktop/Git/GameFeelUnreal/RTS/Content/LowPoly_Castle/Castle_Materials/M_MainCastle.uexp" 281
"C:/Users/tonya/Desktop/Git/GameFeelUnreal/RTS/Content/LowPoly_Castle/CastleAssets_Part3/MainCastle/SM_MainCastle.ubulk" 282
"C:/Users/tonya/Desktop/Git/GameFeelUnreal/RTS/Content/LowPoly_Castle/CastleAssets_Part3/MainCastle/SM_MainCastle.uasset" 283
"C:/Users/tonya/Desktop/Git/GameFeelUnreal/RTS/Content/LowPoly_Castle/CastleAssets_Part3/MainCastle/SM_MainCastle.uexp" 284
"C:/Users/tonya/Desktop/Git/GameFeelUnreal/RTS/Content/LowPoly_Castle/Castle_Materials/M_MainDoorCastle.uasset" 285
"C:/Users/tonya/Desktop/Git/GameFeelUnreal/RTS/Content/LowPoly_Castle/Castle_Materials/M_MainDoorCastle.uexp" 286
"C:/Users/tonya/Desktop/Git/GameFeelUnreal/RTS/Content/LowPoly_Castle/CastleAssets_Part3/MainDoor_Castle/SM_MainDoorCastle.ubulk" 287
"C:/Users/tonya/Desktop/Git/GameFeelUnreal/RTS/Content/LowPoly_Castle/CastleAssets_Part3/MainDoor_Castle/SM_MainDoorCastle.uasset" 288
"C:/Users/tonya/Desktop/Git/GameFeelUnreal/RTS/Content/LowPoly_Castle/CastleAssets_Part3/MainDoor_Castle/SM_MainDoorCastle.uexp" 289
"C:/Users/tonya/Desktop/Git/GameFeelUnreal/RTS/Content/TopDown/Props/MI_MainCastle.uasset" 290
"C:/Users/tonya/Desktop/Git/GameFeelUnreal/RTS/Content/TopDown/Props/MI_MainCastle.uexp" 291
"C:/Users/tonya/Desktop/Git/GameFeelUnreal/RTS/Content/LowPoly_Castle/Castle_Textures/T_MainWindow_Metallic.ubulk" 292
"C:/Users/tonya/Desktop/Git/GameFeelUnreal/RTS/Content/LowPoly_Castle/Castle_Textures/T_MainWindow_Metallic.uasset" 293
"C:/Users/tonya/Desktop/Git/GameFeelUnreal/RTS/Content/LowPoly_Castle/Castle_Textures/T_MainWindow_Metallic.uexp" 294
"C:/Users/tonya/Desktop/Git/GameFeelUnreal/RTS/Content/LowPoly_Castle/Castle_Materials/M_MainWindow.uasset" 295
"C:/Users/tonya/Desktop/Git/GameFeelUnreal/RTS/Content/LowPoly_Castle/Castle_Materials/M_MainWindow.uexp" 296
"C:/Users/tonya/Desktop/Git/GameFeelUnreal/RTS/Content/LowPoly_Castle/CastleAssets_Part4/MainWindow/SM_MainWindow.ubulk" 297
"C:/Users/tonya/Desktop/Git/GameFeelUnreal/RTS/Content/LowPoly_Castle/CastleAssets_Part4/MainWindow/SM_MainWindow.uasset" 298
"C:/Users/tonya/Desktop/Git/GameFeelUnreal/RTS/Content/LowPoly_Castle/CastleAssets_Part4/MainWindow/SM_MainWindow.uexp" 299
"C:/Users/tonya/Desktop/Git/GameFeelUnreal/RTS/Content/TopDown/Props/MI_Tower.uasset" 300
"C:/Users/tonya/Desktop/Git/GameFeelUnreal/RTS/Content/TopDown/Props/MI_Tower.uexp" 301
"C:/Users/tonya/Desktop/Git/GameFeelUnreal/RTS/Content/TopDown/Blueprints/Components/BP_RuntimeMat.uasset" 302
"C:/Users/tonya/Desktop/Git/GameFeelUnreal/RTS/Content/TopDown/Blueprints/Components/BP_RuntimeMat.uexp" 303
"C:/Users/tonya/Desktop/Git/GameFeelUnreal/RTS/Content/TopDown/Props/MI_Pathway.uasset" 304
"C:/Users/tonya/Desktop/Git/GameFeelUnreal/RTS/Content/TopDown/Props/MI_Pathway.uexp" 305
"C:/Users/tonya/Desktop/Git/GameFeelUnreal/RTS/Content/TopDown/Blueprints/BP_Hogar.uasset" 306
"C:/Users/tonya/Desktop/Git/GameFeelUnreal/RTS/Content/TopDown/Blueprints/BP_Hogar.uexp" 307
"C:/Users/tonya/Desktop/Git/GameFeelUnreal/RTS/Content/TopDown/Image/StoneImage.uasset" 308
"C:/Users/tonya/Desktop/Git/GameFeelUnreal/RTS/Content/TopDown/Image/StoneImage.uexp" 309
"C:/Users/tonya/Desktop/Git/GameFeelUnreal/RTS/Content/TopDown/Sounds/s_VictoryTheme.ubulk" 310
"C:/Users/tonya/Desktop/Git/GameFeelUnreal/RTS/Content/TopDown/Sounds/s_VictoryTheme.uasset" 311
"C:/Users/tonya/Desktop/Git/GameFeelUnreal/RTS/Content/TopDown/Sounds/s_VictoryTheme.uexp" 312
"C:/Users/tonya/Desktop/Git/GameFeelUnreal/RTS/Content/LowPoly_Castle/Castle_Textures/T_CastleTower_Roughness.ubulk" 313
"C:/Users/tonya/Desktop/Git/GameFeelUnreal/RTS/Content/LowPoly_Castle/Castle_Textures/T_CastleTower_Roughness.uasset" 314
"C:/Users/tonya/Desktop/Git/GameFeelUnreal/RTS/Content/LowPoly_Castle/Castle_Textures/T_CastleTower_Roughness.uexp" 315
"C:/Users/tonya/Desktop/Git/GameFeelUnreal/RTS/Content/LowPoly_Castle/Castle_Textures/T_CastleTower_Normals.ubulk" 316
"C:/Users/tonya/Desktop/Git/GameFeelUnreal/RTS/Content/LowPoly_Castle/Castle_Textures/T_CastleTower_Normals.uasset" 317
"C:/Users/tonya/Desktop/Git/GameFeelUnreal/RTS/Content/LowPoly_Castle/Castle_Textures/T_CastleTower_Normals.uexp" 318
"C:/Users/tonya/Desktop/Git/GameFeelUnreal/RTS/Content/LowPoly_Castle/Castle_Textures/T_CastleTower_Base.ubulk" 319
"C:/Users/tonya/Desktop/Git/GameFeelUnreal/RTS/Content/LowPoly_Castle/Castle_Textures/T_CastleTower_Base.uasset" 320
"C:/Users/tonya/Desktop/Git/GameFeelUnreal/RTS/Content/LowPoly_Castle/Castle_Textures/T_CastleTower_Base.uexp" 321
"C:/Users/tonya/Desktop/Git/GameFeelUnreal/RTS/Content/LowPoly_Castle/Castle_Materials/M_Castle_Tower.uasset" 322
"C:/Users/tonya/Desktop/Git/GameFeelUnreal/RTS/Content/LowPoly_Castle/Castle_Materials/M_Castle_Tower.uexp" 323
"C:/Users/tonya/Desktop/Git/GameFeelUnreal/RTS/Content/LowPoly_Castle/CastleAssets_Part2/CastleTower/SM_Castle_Tower_1.ubulk" 324
"C:/Users/tonya/Desktop/Git/GameFeelUnreal/RTS/Content/LowPoly_Castle/CastleAssets_Part2/CastleTower/SM_Castle_Tower_1.uasset" 325
"C:/Users/tonya/Desktop/Git/GameFeelUnreal/RTS/Content/LowPoly_Castle/CastleAssets_Part2/CastleTower/SM_Castle_Tower_1.uexp" 326
"C:/Users/tonya/Desktop/Git/GameFeelUnreal/RTS/Content/TopDown/Props/MI_CastleTower2.uasset" 327
"C:/Users/tonya/Desktop/Git/GameFeelUnreal/RTS/Content/TopDown/Props/MI_CastleTower2.uexp" 328
"C:/Users/tonya/Desktop/Git/GameFeelUnreal/RTS/Content/LowPoly_Castle/Castle_Textures/T_MainEntrance_Gate_Base.ubulk" 329
"C:/Users/tonya/Desktop/Git/GameFeelUnreal/RTS/Content/LowPoly_Castle/Castle_Textures/T_MainEntrance_Gate_Base.uasset" 330
"C:/Users/tonya/Desktop/Git/GameFeelUnreal/RTS/Content/LowPoly_Castle/Castle_Textures/T_MainEntrance_Gate_Base.uexp" 331
"C:/Users/tonya/Desktop/Git/GameFeelUnreal/RTS/Content/LowPoly_Castle/Castle_Textures/T_MainEntrance_Gate_Roughneess.ubulk" 332
"C:/Users/tonya/Desktop/Git/GameFeelUnreal/RTS/Content/LowPoly_Castle/Castle_Textures/T_MainEntrance_Gate_Roughneess.uasset" 333
"C:/Users/tonya/Desktop/Git/GameFeelUnreal/RTS/Content/LowPoly_Castle/Castle_Textures/T_MainEntrance_Gate_Roughneess.uexp" 334
"C:/Users/tonya/Desktop/Git/GameFeelUnreal/RTS/Content/LowPoly_Castle/Castle_Textures/T_MainEntrance_Gate_Normals.ubulk" 335
"C:/Users/tonya/Desktop/Git/GameFeelUnreal/RTS/Content/LowPoly_Castle/Castle_Textures/T_MainEntrance_Gate_Normals.uasset" 336
"C:/Users/tonya/Desktop/Git/GameFeelUnreal/RTS/Content/LowPoly_Castle/Castle_Textures/T_MainEntrance_Gate_Normals.uexp" 337
"C:/Users/tonya/Desktop/Git/GameFeelUnreal/RTS/Content/TopDown/Props/MI_MainEntrance.uasset" 338
"C:/Users/tonya/Desktop/Git/GameFeelUnreal/RTS/Content/TopDown/Props/MI_MainEntrance.uexp" 339
"C:/Users/tonya/Desktop/Git/GameFeelUnreal/RTS/Content/LowPoly_Castle/Castle_Materials/M_MainEntrance_Gate.uasset" 340
"C:/Users/tonya/Desktop/Git/GameFeelUnreal/RTS/Content/LowPoly_Castle/Castle_Materials/M_MainEntrance_Gate.uexp" 341
"C:/Users/tonya/Desktop/Git/GameFeelUnreal/RTS/Content/LowPoly_Castle/CastleAssets_Part3/MainEntrance/SM_MainEntrance_Gate.ubulk" 342
"C:/Users/tonya/Desktop/Git/GameFeelUnreal/RTS/Content/LowPoly_Castle/CastleAssets_Part3/MainEntrance/SM_MainEntrance_Gate.uasset" 343
"C:/Users/tonya/Desktop/Git/GameFeelUnreal/RTS/Content/LowPoly_Castle/CastleAssets_Part3/MainEntrance/SM_MainEntrance_Gate.uexp" 344
"C:/Users/tonya/Desktop/Git/GameFeelUnreal/RTS/Content/LowPoly_Castle/Castle_Textures/T_CastleOuterPillar_Base.ubulk" 345
"C:/Users/tonya/Desktop/Git/GameFeelUnreal/RTS/Content/LowPoly_Castle/Castle_Textures/T_CastleOuterPillar_Base.uasset" 346
"C:/Users/tonya/Desktop/Git/GameFeelUnreal/RTS/Content/LowPoly_Castle/Castle_Textures/T_CastleOuterPillar_Base.uexp" 347
"C:/Users/tonya/Desktop/Git/GameFeelUnreal/RTS/Content/LowPoly_Castle/Castle_Textures/T_CastleOuterPillar_Normals.ubulk" 348
"C:/Users/tonya/Desktop/Git/GameFeelUnreal/RTS/Content/LowPoly_Castle/Castle_Textures/T_CastleOuterPillar_Normals.uasset" 349
"C:/Users/tonya/Desktop/Git/GameFeelUnreal/RTS/Content/LowPoly_Castle/Castle_Textures/T_CastleOuterPillar_Normals.uexp" 350
"C:/Users/tonya/Desktop/Git/GameFeelUnreal/RTS/Content/LowPoly_Castle/Castle_Textures/T_CastleOuterPillar_Roughness.ubulk" 351
"C:/Users/tonya/Desktop/Git/GameFeelUnreal/RTS/Content/LowPoly_Castle/Castle_Textures/T_CastleOuterPillar_Roughness.uasset" 352
"C:/Users/tonya/Desktop/Git/GameFeelUnreal/RTS/Content/LowPoly_Castle/Castle_Textures/T_CastleOuterPillar_Roughness.uexp" 353
"C:/Users/tonya/Desktop/Git/GameFeelUnreal/RTS/Content/LowPoly_Castle/Castle_Materials/M_CastleOuterPillar.uasset" 354
"C:/Users/tonya/Desktop/Git/GameFeelUnreal/RTS/Content/LowPoly_Castle/Castle_Materials/M_CastleOuterPillar.uexp" 355
"C:/Users/tonya/Desktop/Git/GameFeelUnreal/RTS/Content/LowPoly_Castle/CastleAssets_Part4/Castle0uterPillar/SM_CastleOuterPillar.ubulk" 356
"C:/Users/tonya/Desktop/Git/GameFeelUnreal/RTS/Content/LowPoly_Castle/CastleAssets_Part4/Castle0uterPillar/SM_CastleOuterPillar.uasset" 357
"C:/Users/tonya/Desktop/Git/GameFeelUnreal/RTS/Content/LowPoly_Castle/CastleAssets_Part4/Castle0uterPillar/SM_CastleOuterPillar.uexp" 358
"C:/Users/tonya/Desktop/Git/GameFeelUnreal/RTS/Content/TopDown/Props/MI_Pilar.uasset" 359
"C:/Users/tonya/Desktop/Git/GameFeelUnreal/RTS/Content/TopDown/Props/MI_Pilar.uexp" 360
"C:/Users/tonya/Desktop/Git/GameFeelUnreal/RTS/Content/TopDown/Blueprints/BP_Cuartel.uasset" 361
"C:/Users/tonya/Desktop/Git/GameFeelUnreal/RTS/Content/TopDown/Blueprints/BP_Cuartel.uexp" 362
"C:/Users/tonya/Desktop/Git/GameFeelUnreal/RTS/Content/TopDown/Sounds/s_DefeatTheme.ubulk" 363
"C:/Users/tonya/Desktop/Git/GameFeelUnreal/RTS/Content/TopDown/Sounds/s_DefeatTheme.uasset" 364
"C:/Users/tonya/Desktop/Git/GameFeelUnreal/RTS/Content/TopDown/Sounds/s_DefeatTheme.uexp" 365
"C:/Users/tonya/Desktop/Git/GameFeelUnreal/RTS/Content/TopDown/Image/WoodImage.uasset" 366
"C:/Users/tonya/Desktop/Git/GameFeelUnreal/RTS/Content/TopDown/Image/WoodImage.uexp" 367
"C:/Users/tonya/Desktop/Git/GameFeelUnreal/RTS/Content/TopDown/Sounds/SCM_GameMixer.uasset" 368
"C:/Users/tonya/Desktop/Git/GameFeelUnreal/RTS/Content/TopDown/Sounds/SCM_GameMixer.uexp" 369
"C:/Users/tonya/Desktop/Git/GameFeelUnreal/RTS/Content/TopDown/Blueprints/BPI_Selection.uasset" 370
"C:/Users/tonya/Desktop/Git/GameFeelUnreal/RTS/Content/TopDown/Blueprints/BPI_Selection.uexp" 371
"C:/Users/tonya/Desktop/Git/GameFeelUnreal/RTS/Content/TopDown/Sounds/s_AttackOrder.ubulk" 372
"C:/Users/tonya/Desktop/Git/GameFeelUnreal/RTS/Content/TopDown/Sounds/s_AttackOrder.uasset" 373
"C:/Users/tonya/Desktop/Git/GameFeelUnreal/RTS/Content/TopDown/Sounds/s_AttackOrder.uexp" 374
"C:/Users/tonya/Desktop/Git/GameFeelUnreal/RTS/Content/TopDown/Sounds/SC_Attack_Cue.uasset" 375
"C:/Users/tonya/Desktop/Git/GameFeelUnreal/RTS/Content/TopDown/Sounds/SC_Attack_Cue.uexp" 376
"C:/Users/tonya/Desktop/Git/GameFeelUnreal/RTS/Content/Characters/Mannequins/Materials/Functions/ChromaticCurve.uasset" 377
"C:/Users/tonya/Desktop/Git/GameFeelUnreal/RTS/Content/Characters/Mannequins/Materials/Functions/ChromaticCurve.uexp" 378
"C:/Users/tonya/Desktop/Git/GameFeelUnreal/RTS/Content/Characters/Mannequins/Materials/Functions/CA_Mannequin.uasset" 379
"C:/Users/tonya/Desktop/Git/GameFeelUnreal/RTS/Content/Characters/Mannequins/Materials/Functions/CA_Mannequin.uexp" 380
"C:/Users/tonya/Desktop/Git/GameFeelUnreal/RTS/Content/TopDown/Props/MI_AttackUnit.uasset" 381
"C:/Users/tonya/Desktop/Git/GameFeelUnreal/RTS/Content/TopDown/Props/MI_AttackUnit.uexp" 382
"C:/Users/tonya/Desktop/Git/GameFeelUnreal/RTS/Content/TopDown/Blueprints/BPI_Deselection.uasset" 383
"C:/Users/tonya/Desktop/Git/GameFeelUnreal/RTS/Content/TopDown/Blueprints/BPI_Deselection.uexp" 384
"C:/Users/tonya/Desktop/Git/GameFeelUnreal/RTS/Content/RadicalMike/Mesh/SK_MegaMikeZ.uasset" 385
"C:/Users/tonya/Desktop/Git/GameFeelUnreal/RTS/Content/RadicalMike/Mesh/SK_MegaMikeZ.uexp" 386
"C:/Users/tonya/Desktop/Git/GameFeelUnreal/RTS/Content/RadicalMike/textures/Lens/T_ZMikeLens_Base_color.ubulk" 387
"C:/Users/tonya/Desktop/Git/GameFeelUnreal/RTS/Content/RadicalMike/textures/Lens/T_ZMikeLens_Base_color.uasset" 388
"C:/Users/tonya/Desktop/Git/GameFeelUnreal/RTS/Content/RadicalMike/textures/Lens/T_ZMikeLens_Base_color.uexp" 389
"C:/Users/tonya/Desktop/Git/GameFeelUnreal/RTS/Content/RadicalMike/textures/Lens/T_ZMikeLens_Emissive.ubulk" 390
"C:/Users/tonya/Desktop/Git/GameFeelUnreal/RTS/Content/RadicalMike/textures/Lens/T_ZMikeLens_Emissive.uasset" 391
"C:/Users/tonya/Desktop/Git/GameFeelUnreal/RTS/Content/RadicalMike/textures/Lens/T_ZMikeLens_Emissive.uexp" 392
"C:/Users/tonya/Desktop/Git/GameFeelUnreal/RTS/Content/RadicalMike/textures/Lens/T_ZMikeLens_Normal.ubulk" 393
"C:/Users/tonya/Desktop/Git/GameFeelUnreal/RTS/Content/RadicalMike/textures/Lens/T_ZMikeLens_Normal.uasset" 394
"C:/Users/tonya/Desktop/Git/GameFeelUnreal/RTS/Content/RadicalMike/textures/Lens/T_ZMikeLens_Normal.uexp" 395
"C:/Users/tonya/Desktop/Git/GameFeelUnreal/RTS/Content/RadicalMike/textures/Lens/T_ZMikeLens_Stacked.ubulk" 396
"C:/Users/tonya/Desktop/Git/GameFeelUnreal/RTS/Content/RadicalMike/textures/Lens/T_ZMikeLens_Stacked.uasset" 397
"C:/Users/tonya/Desktop/Git/GameFeelUnreal/RTS/Content/RadicalMike/textures/Lens/T_ZMikeLens_Stacked.uexp" 398
"../../../Engine/Content/Functions/Engine_MaterialFunctions01/Texturing/FlattenNormal.uasset" 399
"../../../Engine/Content/Functions/Engine_MaterialFunctions01/Texturing/FlattenNormal.uexp" 400
"../../../Engine/Content/Functions/Engine_MaterialFunctions02/HueShift.uasset" 401
"../../../Engine/Content/Functions/Engine_MaterialFunctions02/HueShift.uexp" 402
"../../../Engine/Content/Functions/Engine_MaterialFunctions02/Fresnel_Function.uasset" 403
"../../../Engine/Content/Functions/Engine_MaterialFunctions02/Fresnel_Function.uexp" 404
"C:/Users/tonya/Desktop/Git/GameFeelUnreal/RTS/Content/RadicalMike/Materials/Lens/M_Glass_parent.uasset" 405
"C:/Users/tonya/Desktop/Git/GameFeelUnreal/RTS/Content/RadicalMike/Materials/Lens/M_Glass_parent.uexp" 406
"C:/Users/tonya/Desktop/Git/GameFeelUnreal/RTS/Content/RadicalMike/Materials/Lens/MI_ZMike_Lens_Blue.uasset" 407
"C:/Users/tonya/Desktop/Git/GameFeelUnreal/RTS/Content/RadicalMike/Materials/Lens/MI_ZMike_Lens_Blue.uexp" 408
"C:/Users/tonya/Desktop/Git/GameFeelUnreal/RTS/Content/RadicalMike/textures/Body/T_ZMike_Stacked.ubulk" 409
"C:/Users/tonya/Desktop/Git/GameFeelUnreal/RTS/Content/RadicalMike/textures/Body/T_ZMike_Stacked.uasset" 410
"C:/Users/tonya/Desktop/Git/GameFeelUnreal/RTS/Content/RadicalMike/textures/Body/T_ZMike_Stacked.uexp" 411
"C:/Users/tonya/Desktop/Git/GameFeelUnreal/RTS/Content/RadicalMike/textures/Body/T_ZMike_Emissive.ubulk" 412
"C:/Users/tonya/Desktop/Git/GameFeelUnreal/RTS/Content/RadicalMike/textures/Body/T_ZMike_Emissive.uasset" 413
"C:/Users/tonya/Desktop/Git/GameFeelUnreal/RTS/Content/RadicalMike/textures/Body/T_ZMike_Emissive.uexp" 414
"C:/Users/tonya/Desktop/Git/GameFeelUnreal/RTS/Content/RadicalMike/textures/Body/T_ZMike_Normal.ubulk" 415
"C:/Users/tonya/Desktop/Git/GameFeelUnreal/RTS/Content/RadicalMike/textures/Body/T_ZMike_Normal.uasset" 416
"C:/Users/tonya/Desktop/Git/GameFeelUnreal/RTS/Content/RadicalMike/textures/Body/T_ZMike_Normal.uexp" 417
"C:/Users/tonya/Desktop/Git/GameFeelUnreal/RTS/Content/RadicalMike/textures/Body/T_ZMike_Base_color.ubulk" 418
"C:/Users/tonya/Desktop/Git/GameFeelUnreal/RTS/Content/RadicalMike/textures/Body/T_ZMike_Base_color.uasset" 419
"C:/Users/tonya/Desktop/Git/GameFeelUnreal/RTS/Content/RadicalMike/textures/Body/T_ZMike_Base_color.uexp" 420
"C:/Users/tonya/Desktop/Git/GameFeelUnreal/RTS/Content/RadicalMike/textures/Buster/T_Clouds.ubulk" 421
"C:/Users/tonya/Desktop/Git/GameFeelUnreal/RTS/Content/RadicalMike/textures/Buster/T_Clouds.uasset" 422
"C:/Users/tonya/Desktop/Git/GameFeelUnreal/RTS/Content/RadicalMike/textures/Buster/T_Clouds.uexp" 423
"C:/Users/tonya/Desktop/Git/GameFeelUnreal/RTS/Content/RadicalMike/textures/Body/T_ZMike_Mask.ubulk" 424
"C:/Users/tonya/Desktop/Git/GameFeelUnreal/RTS/Content/RadicalMike/textures/Body/T_ZMike_Mask.uasset" 425
"C:/Users/tonya/Desktop/Git/GameFeelUnreal/RTS/Content/RadicalMike/textures/Body/T_ZMike_Mask.uexp" 426
"C:/Users/tonya/Desktop/Git/GameFeelUnreal/RTS/Content/RadicalMike/Materials/Body/M_MasterMaterial.uasset" 427
"C:/Users/tonya/Desktop/Git/GameFeelUnreal/RTS/Content/RadicalMike/Materials/Body/M_MasterMaterial.uexp" 428
"C:/Users/tonya/Desktop/Git/GameFeelUnreal/RTS/Content/RadicalMike/Materials/Body/MI_ZMike_default.uasset" 429
"C:/Users/tonya/Desktop/Git/GameFeelUnreal/RTS/Content/RadicalMike/Materials/Body/MI_ZMike_default.uexp" 430
"C:/Users/tonya/Desktop/Git/GameFeelUnreal/RTS/Content/RadicalMike/Mesh/PA_MegaMikeZ.uasset" 431
"C:/Users/tonya/Desktop/Git/GameFeelUnreal/RTS/Content/RadicalMike/Mesh/PA_MegaMikeZ.uexp" 432
"C:/Users/tonya/Desktop/Git/GameFeelUnreal/RTS/Content/RadicalMike/Mesh/SKM_MegaMikeZ.uasset" 433
"C:/Users/tonya/Desktop/Git/GameFeelUnreal/RTS/Content/RadicalMike/Mesh/SKM_MegaMikeZ.uexp" 434
"C:/Users/tonya/Desktop/Git/GameFeelUnreal/RTS/Content/TopDown/Blueprints/BP_Machine.uasset" 435
"C:/Users/tonya/Desktop/Git/GameFeelUnreal/RTS/Content/TopDown/Blueprints/BP_Machine.uexp" 436
"C:/Users/tonya/Desktop/Git/GameFeelUnreal/RTS/Content/CR/LQ/AMT_Materials/MI_003_2.uasset" 437
"C:/Users/tonya/Desktop/Git/GameFeelUnreal/RTS/Content/CR/LQ/AMT_Materials/MI_003_2.uexp" 438
"C:/Users/tonya/Desktop/Git/GameFeelUnreal/RTS/Content/CR/LQ/AMT_Materials/MI_001_5.uasset" 439
"C:/Users/tonya/Desktop/Git/GameFeelUnreal/RTS/Content/CR/LQ/AMT_Materials/MI_001_5.uexp" 440
"C:/Users/tonya/Desktop/Git/GameFeelUnreal/RTS/Content/CR/LQ/CharacterModular/Modular_011_Survival10/Mesh/SKM_Survival10_1.uasset" 441
"C:/Users/tonya/Desktop/Git/GameFeelUnreal/RTS/Content/CR/LQ/CharacterModular/Modular_011_Survival10/Mesh/SKM_Survival10_1.uexp" 442
"C:/Users/tonya/Desktop/Git/GameFeelUnreal/RTS/Content/TopDown/Blueprints/BP_AttackUnit.uasset" 443
"C:/Users/tonya/Desktop/Git/GameFeelUnreal/RTS/Content/TopDown/Blueprints/BP_AttackUnit.uexp" 444
"C:/Users/tonya/Desktop/Git/GameFeelUnreal/RTS/Content/TopDown/Sounds/s_CreationComplete.ubulk" 445
"C:/Users/tonya/Desktop/Git/GameFeelUnreal/RTS/Content/TopDown/Sounds/s_CreationComplete.uasset" 446
"C:/Users/tonya/Desktop/Git/GameFeelUnreal/RTS/Content/TopDown/Sounds/s_CreationComplete.uexp" 447
"C:/Users/tonya/Desktop/Git/GameFeelUnreal/RTS/Content/TopDown/Sounds/SC_UnitComplete_Cue.uasset" 448
"C:/Users/tonya/Desktop/Git/GameFeelUnreal/RTS/Content/TopDown/Sounds/SC_UnitComplete_Cue.uexp" 449
"C:/Users/tonya/Desktop/Git/GameFeelUnreal/RTS/Content/LowPoly_Castle/CastleAssets_Part2/CastleTower/SM_Castle_Tower_2.ubulk" 450
"C:/Users/tonya/Desktop/Git/GameFeelUnreal/RTS/Content/LowPoly_Castle/CastleAssets_Part2/CastleTower/SM_Castle_Tower_2.uasset" 451
"C:/Users/tonya/Desktop/Git/GameFeelUnreal/RTS/Content/LowPoly_Castle/CastleAssets_Part2/CastleTower/SM_Castle_Tower_2.uexp" 452
"C:/Users/tonya/Desktop/Git/GameFeelUnreal/RTS/Content/TopDown/Blueprints/BP_CentrodeMando.uasset" 453
"C:/Users/tonya/Desktop/Git/GameFeelUnreal/RTS/Content/TopDown/Blueprints/BP_CentrodeMando.uexp" 454
"C:/Users/tonya/Desktop/Git/GameFeelUnreal/RTS/Content/TopDown/Blueprints/Widget/WBP_HUD.uasset" 455
"C:/Users/tonya/Desktop/Git/GameFeelUnreal/RTS/Content/TopDown/Blueprints/Widget/WBP_HUD.uexp" 456
"C:/Users/tonya/Desktop/Git/GameFeelUnreal/RTS/Content/TopDown/Blueprints/BP_TopDownController.uasset" 457
"C:/Users/tonya/Desktop/Git/GameFeelUnreal/RTS/Content/TopDown/Blueprints/BP_TopDownController.uexp" 458
"C:/Users/tonya/Desktop/Git/GameFeelUnreal/RTS/Content/TopDown/Blueprints/BP_TopDownGameMode.uasset" 459
"C:/Users/tonya/Desktop/Git/GameFeelUnreal/RTS/Content/TopDown/Blueprints/BP_TopDownGameMode.uexp" 460
"C:/Users/tonya/Desktop/Git/GameFeelUnreal/RTS/Content/LowPoly_Castle/Castle_Textures/T_CastleTowerRoof_Normals.ubulk" 461
"C:/Users/tonya/Desktop/Git/GameFeelUnreal/RTS/Content/LowPoly_Castle/Castle_Textures/T_CastleTowerRoof_Normals.uasset" 462
"C:/Users/tonya/Desktop/Git/GameFeelUnreal/RTS/Content/LowPoly_Castle/Castle_Textures/T_CastleTowerRoof_Normals.uexp" 463
"C:/Users/tonya/Desktop/Git/GameFeelUnreal/RTS/Content/LowPoly_Castle/Castle_Textures/T_CastleTowerRoof_Roughness.ubulk" 464
"C:/Users/tonya/Desktop/Git/GameFeelUnreal/RTS/Content/LowPoly_Castle/Castle_Textures/T_CastleTowerRoof_Roughness.uasset" 465
"C:/Users/tonya/Desktop/Git/GameFeelUnreal/RTS/Content/LowPoly_Castle/Castle_Textures/T_CastleTowerRoof_Roughness.uexp" 466
"C:/Users/tonya/Desktop/Git/GameFeelUnreal/RTS/Content/LowPoly_Castle/Castle_Textures/T_CastleTowerRoof_Base.ubulk" 467
"C:/Users/tonya/Desktop/Git/GameFeelUnreal/RTS/Content/LowPoly_Castle/Castle_Textures/T_CastleTowerRoof_Base.uasset" 468
"C:/Users/tonya/Desktop/Git/GameFeelUnreal/RTS/Content/LowPoly_Castle/Castle_Textures/T_CastleTowerRoof_Base.uexp" 469
"C:/Users/tonya/Desktop/Git/GameFeelUnreal/RTS/Content/LowPoly_Castle/Castle_Materials/M_Castle_Tower_RooF.uasset" 470
"C:/Users/tonya/Desktop/Git/GameFeelUnreal/RTS/Content/LowPoly_Castle/Castle_Materials/M_Castle_Tower_RooF.uexp" 471
"C:/Users/tonya/Desktop/Git/GameFeelUnreal/RTS/Content/LowPoly_Castle/CastleAssets_Part1/CastleRoofTop/SM_Castle_Tower_Roof.ubulk" 472
"C:/Users/tonya/Desktop/Git/GameFeelUnreal/RTS/Content/LowPoly_Castle/CastleAssets_Part1/CastleRoofTop/SM_Castle_Tower_Roof.uasset" 473
"C:/Users/tonya/Desktop/Git/GameFeelUnreal/RTS/Content/LowPoly_Castle/CastleAssets_Part1/CastleRoofTop/SM_Castle_Tower_Roof.uexp" 474
"C:/Users/tonya/Desktop/Git/GameFeelUnreal/RTS/Content/LowPoly_Castle/Castle_Textures/T_FrontBuilding_Base.ubulk" 475
"C:/Users/tonya/Desktop/Git/GameFeelUnreal/RTS/Content/LowPoly_Castle/Castle_Textures/T_FrontBuilding_Base.uasset" 476
"C:/Users/tonya/Desktop/Git/GameFeelUnreal/RTS/Content/LowPoly_Castle/Castle_Textures/T_FrontBuilding_Base.uexp" 477
"C:/Users/tonya/Desktop/Git/GameFeelUnreal/RTS/Content/LowPoly_Castle/Castle_Textures/T_FrontBuilding_Roughness.ubulk" 478
"C:/Users/tonya/Desktop/Git/GameFeelUnreal/RTS/Content/LowPoly_Castle/Castle_Textures/T_FrontBuilding_Roughness.uasset" 479
"C:/Users/tonya/Desktop/Git/GameFeelUnreal/RTS/Content/LowPoly_Castle/Castle_Textures/T_FrontBuilding_Roughness.uexp" 480
"C:/Users/tonya/Desktop/Git/GameFeelUnreal/RTS/Content/LowPoly_Castle/Castle_Textures/T_FrontBuilding_Normals.ubulk" 481
"C:/Users/tonya/Desktop/Git/GameFeelUnreal/RTS/Content/LowPoly_Castle/Castle_Textures/T_FrontBuilding_Normals.uasset" 482
"C:/Users/tonya/Desktop/Git/GameFeelUnreal/RTS/Content/LowPoly_Castle/Castle_Textures/T_FrontBuilding_Normals.uexp" 483
"C:/Users/tonya/Desktop/Git/GameFeelUnreal/RTS/Content/TopDown/Props/MI_FrontBuilding.uasset" 484
"C:/Users/tonya/Desktop/Git/GameFeelUnreal/RTS/Content/TopDown/Props/MI_FrontBuilding.uexp" 485
"C:/Users/tonya/Desktop/Git/GameFeelUnreal/RTS/Content/TopDown/Sounds/s_BuildOrder.ubulk" 486
"C:/Users/tonya/Desktop/Git/GameFeelUnreal/RTS/Content/TopDown/Sounds/s_BuildOrder.uasset" 487
"C:/Users/tonya/Desktop/Git/GameFeelUnreal/RTS/Content/TopDown/Sounds/s_BuildOrder.uexp" 488
"C:/Users/tonya/Desktop/Git/GameFeelUnreal/RTS/Content/TopDown/Sounds/SC_Build_Cue.uasset" 489
"C:/Users/tonya/Desktop/Git/GameFeelUnreal/RTS/Content/TopDown/Sounds/SC_Build_Cue.uexp" 490
"../../../Engine/Content/Animation/DefaultAnimCurveCompressionSettings.uasset" 491
"../../../Engine/Content/Animation/DefaultAnimCurveCompressionSettings.uexp" 492
"../../../Engine/Content/Animation/DefaultVariableFrameStrippingSettings.uasset" 493
"../../../Engine/Content/Animation/DefaultVariableFrameStrippingSettings.uexp" 494
"C:/Users/tonya/Desktop/Git/GameFeelUnreal/RTS/Content/Characters/Mannequins/Meshes/SK_Mannequin.uasset" 495
"C:/Users/tonya/Desktop/Git/GameFeelUnreal/RTS/Content/Characters/Mannequins/Meshes/SK_Mannequin.uexp" 496
"../../../Engine/Content/Animation/DefaultAnimBoneCompressionSettings.uasset" 497
"../../../Engine/Content/Animation/DefaultAnimBoneCompressionSettings.uexp" 498
"C:/Users/tonya/Desktop/Git/GameFeelUnreal/RTS/Content/Characters/Mannequins/Animations/Manny/MM_Fall_Loop.uasset" 499
"C:/Users/tonya/Desktop/Git/GameFeelUnreal/RTS/Content/Characters/Mannequins/Animations/Manny/MM_Fall_Loop.uexp" 500
"C:/Users/tonya/Desktop/Git/GameFeelUnreal/RTS/Content/Characters/Mannequins/Animations/Manny/MM_Jump.uasset" 501
"C:/Users/tonya/Desktop/Git/GameFeelUnreal/RTS/Content/Characters/Mannequins/Animations/Manny/MM_Jump.uexp" 502
"../../../Engine/Plugins/Animation/ControlRig/Content/Controls/DefaultGizmoLibrary.uasset" 503
"../../../Engine/Plugins/Animation/ControlRig/Content/Controls/DefaultGizmoLibrary.uexp" 504
"C:/Users/tonya/Desktop/Git/GameFeelUnreal/RTS/Content/Characters/Mannequins/Rigs/CR_Mannequin_BasicFootIK.uasset" 505
"C:/Users/tonya/Desktop/Git/GameFeelUnreal/RTS/Content/Characters/Mannequins/Rigs/CR_Mannequin_BasicFootIK.uexp" 506
"C:/Users/tonya/Desktop/Git/GameFeelUnreal/RTS/Content/Characters/Mannequins/Animations/Manny/MM_Run_Fwd.uasset" 507
"C:/Users/tonya/Desktop/Git/GameFeelUnreal/RTS/Content/Characters/Mannequins/Animations/Manny/MM_Run_Fwd.uexp" 508
"C:/Users/tonya/Desktop/Git/GameFeelUnreal/RTS/Content/Characters/Mannequins/Animations/Manny/MM_Walk_Fwd.uasset" 509
"C:/Users/tonya/Desktop/Git/GameFeelUnreal/RTS/Content/Characters/Mannequins/Animations/Manny/MM_Walk_Fwd.uexp" 510
"../../../Engine/Content/Animation/DefaultRecorderBoneCompression.uasset" 511
"../../../Engine/Content/Animation/DefaultRecorderBoneCompression.uexp" 512
"C:/Users/tonya/Desktop/Git/GameFeelUnreal/RTS/Content/Characters/Mannequins/Animations/Manny/MM_Walk_InPlace.uasset" 513
"C:/Users/tonya/Desktop/Git/GameFeelUnreal/RTS/Content/Characters/Mannequins/Animations/Manny/MM_Walk_InPlace.uexp" 514
"C:/Users/tonya/Desktop/Git/GameFeelUnreal/RTS/Content/Characters/Mannequins/Animations/Manny/BS_MM_WalkRun.uasset" 515
"C:/Users/tonya/Desktop/Git/GameFeelUnreal/RTS/Content/Characters/Mannequins/Animations/Manny/BS_MM_WalkRun.uexp" 516
"C:/Users/tonya/Desktop/Git/GameFeelUnreal/RTS/Content/Characters/Mannequins/Animations/Manny/MM_Land.uasset" 517
"C:/Users/tonya/Desktop/Git/GameFeelUnreal/RTS/Content/Characters/Mannequins/Animations/Manny/MM_Land.uexp" 518
"C:/Users/tonya/Desktop/Git/GameFeelUnreal/RTS/Content/Characters/Mannequins/Animations/Manny/MM_Idle.uasset" 519
"C:/Users/tonya/Desktop/Git/GameFeelUnreal/RTS/Content/Characters/Mannequins/Animations/Manny/MM_Idle.uexp" 520
"C:/Users/tonya/Desktop/Git/GameFeelUnreal/RTS/Content/Characters/Mannequins/Animations/ABP_Manny.uasset" 521
"C:/Users/tonya/Desktop/Git/GameFeelUnreal/RTS/Content/Characters/Mannequins/Animations/ABP_Manny.uexp" 522
"C:/Users/tonya/Desktop/Git/GameFeelUnreal/RTS/Content/TopDown/Sounds/s_CollectOrder.ubulk" 523
"C:/Users/tonya/Desktop/Git/GameFeelUnreal/RTS/Content/TopDown/Sounds/s_CollectOrder.uasset" 524
"C:/Users/tonya/Desktop/Git/GameFeelUnreal/RTS/Content/TopDown/Sounds/s_CollectOrder.uexp" 525
"C:/Users/tonya/Desktop/Git/GameFeelUnreal/RTS/Content/TopDown/Sounds/SC_Collect_Cue.uasset" 526
"C:/Users/tonya/Desktop/Git/GameFeelUnreal/RTS/Content/TopDown/Sounds/SC_Collect_Cue.uexp" 527
"C:/Users/tonya/Desktop/Git/GameFeelUnreal/RTS/Content/Characters/Mannequins/Textures/Manny/T_Manny_02_MSR_MSK.ubulk" 528
"C:/Users/tonya/Desktop/Git/GameFeelUnreal/RTS/Content/Characters/Mannequins/Textures/Manny/T_Manny_02_MSR_MSK.uasset" 529
"C:/Users/tonya/Desktop/Git/GameFeelUnreal/RTS/Content/Characters/Mannequins/Textures/Manny/T_Manny_02_MSR_MSK.uexp" 530
"C:/Users/tonya/Desktop/Git/GameFeelUnreal/RTS/Content/Characters/Mannequins/Textures/Manny/T_Manny_02_CCRCCPlastic_MSK.ubulk" 531
"C:/Users/tonya/Desktop/Git/GameFeelUnreal/RTS/Content/Characters/Mannequins/Textures/Manny/T_Manny_02_CCRCCPlastic_MSK.uasset" 532
"C:/Users/tonya/Desktop/Git/GameFeelUnreal/RTS/Content/Characters/Mannequins/Textures/Manny/T_Manny_02_CCRCCPlastic_MSK.uexp" 533
"C:/Users/tonya/Desktop/Git/GameFeelUnreal/RTS/Content/Characters/Mannequins/Textures/Manny/T_Manny_02_Tan.ubulk" 534
"C:/Users/tonya/Desktop/Git/GameFeelUnreal/RTS/Content/Characters/Mannequins/Textures/Manny/T_Manny_02_Tan.uasset" 535
"C:/Users/tonya/Desktop/Git/GameFeelUnreal/RTS/Content/Characters/Mannequins/Textures/Manny/T_Manny_02_Tan.uexp" 536
"C:/Users/tonya/Desktop/Git/GameFeelUnreal/RTS/Content/Characters/Mannequins/Textures/Manny/T_Manny_02_N.ubulk" 537
"C:/Users/tonya/Desktop/Git/GameFeelUnreal/RTS/Content/Characters/Mannequins/Textures/Manny/T_Manny_02_N.uasset" 538
"C:/Users/tonya/Desktop/Git/GameFeelUnreal/RTS/Content/Characters/Mannequins/Textures/Manny/T_Manny_02_N.uexp" 539
"C:/Users/tonya/Desktop/Git/GameFeelUnreal/RTS/Content/Characters/Mannequins/Textures/Manny/T_Manny_01_N.ubulk" 540
"C:/Users/tonya/Desktop/Git/GameFeelUnreal/RTS/Content/Characters/Mannequins/Textures/Manny/T_Manny_01_N.uasset" 541
"C:/Users/tonya/Desktop/Git/GameFeelUnreal/RTS/Content/Characters/Mannequins/Textures/Manny/T_Manny_01_N.uexp" 542
"C:/Users/tonya/Desktop/Git/GameFeelUnreal/RTS/Content/Characters/Mannequins/Materials/Functions/MF_Diffraction.uasset" 543
"C:/Users/tonya/Desktop/Git/GameFeelUnreal/RTS/Content/Characters/Mannequins/Materials/Functions/MF_Diffraction.uexp" 544
"C:/Users/tonya/Desktop/Git/GameFeelUnreal/RTS/Content/Characters/Mannequins/Materials/Functions/ML_BaseColorFallOff.uasset" 545
"C:/Users/tonya/Desktop/Git/GameFeelUnreal/RTS/Content/Characters/Mannequins/Materials/Functions/ML_BaseColorFallOff.uexp" 546
"../../../Engine/Content/Functions/Engine_MaterialFunctions01/Texturing/ScaleUVsByCenter.uasset" 547
"../../../Engine/Content/Functions/Engine_MaterialFunctions01/Texturing/ScaleUVsByCenter.uexp" 548
"C:/Users/tonya/Desktop/Git/GameFeelUnreal/RTS/Content/Characters/Mannequins/Textures/Shared/T_UE_Logo_M.uasset" 549
"C:/Users/tonya/Desktop/Git/GameFeelUnreal/RTS/Content/Characters/Mannequins/Textures/Shared/T_UE_Logo_M.uexp" 550
"C:/Users/tonya/Desktop/Git/GameFeelUnreal/RTS/Content/Characters/Mannequins/Materials/Functions/MF_logo3layers.uasset" 551
"C:/Users/tonya/Desktop/Git/GameFeelUnreal/RTS/Content/Characters/Mannequins/Materials/Functions/MF_logo3layers.uexp" 552
"C:/Users/tonya/Desktop/Git/GameFeelUnreal/RTS/Content/Characters/Mannequins/Textures/Manny/T_Manny_01_CCRCCPlastic_MSK.ubulk" 553
"C:/Users/tonya/Desktop/Git/GameFeelUnreal/RTS/Content/Characters/Mannequins/Textures/Manny/T_Manny_01_CCRCCPlastic_MSK.uasset" 554
"C:/Users/tonya/Desktop/Git/GameFeelUnreal/RTS/Content/Characters/Mannequins/Textures/Manny/T_Manny_01_CCRCCPlastic_MSK.uexp" 555
"C:/Users/tonya/Desktop/Git/GameFeelUnreal/RTS/Content/Characters/Mannequins/Textures/Manny/T_Manny_01_ASAOPMASK_MSK.ubulk" 556
"C:/Users/tonya/Desktop/Git/GameFeelUnreal/RTS/Content/Characters/Mannequins/Textures/Manny/T_Manny_01_ASAOPMASK_MSK.uasset" 557
"C:/Users/tonya/Desktop/Git/GameFeelUnreal/RTS/Content/Characters/Mannequins/Textures/Manny/T_Manny_01_ASAOPMASK_MSK.uexp" 558
"C:/Users/tonya/Desktop/Git/GameFeelUnreal/RTS/Content/Characters/Mannequins/Textures/Manny/T_Manny_01_MSR_MSK.ubulk" 559
"C:/Users/tonya/Desktop/Git/GameFeelUnreal/RTS/Content/Characters/Mannequins/Textures/Manny/T_Manny_01_MSR_MSK.uasset" 560
"C:/Users/tonya/Desktop/Git/GameFeelUnreal/RTS/Content/Characters/Mannequins/Textures/Manny/T_Manny_01_MSR_MSK.uexp" 561
"C:/Users/tonya/Desktop/Git/GameFeelUnreal/RTS/Content/Characters/Mannequins/Textures/Manny/T_Manny_01_BN.ubulk" 562
"C:/Users/tonya/Desktop/Git/GameFeelUnreal/RTS/Content/Characters/Mannequins/Textures/Manny/T_Manny_01_BN.uasset" 563
"C:/Users/tonya/Desktop/Git/GameFeelUnreal/RTS/Content/Characters/Mannequins/Textures/Manny/T_Manny_01_BN.uexp" 564
"C:/Users/tonya/Desktop/Git/GameFeelUnreal/RTS/Content/Characters/Mannequins/Textures/Manny/T_Manny_01_D.ubulk" 565
"C:/Users/tonya/Desktop/Git/GameFeelUnreal/RTS/Content/Characters/Mannequins/Textures/Manny/T_Manny_01_D.uasset" 566
"C:/Users/tonya/Desktop/Git/GameFeelUnreal/RTS/Content/Characters/Mannequins/Textures/Manny/T_Manny_01_D.uexp" 567
"C:/Users/tonya/Desktop/Git/GameFeelUnreal/RTS/Content/Characters/Mannequins/Textures/Manny/T_Manny_01_Tan.ubulk" 568
"C:/Users/tonya/Desktop/Git/GameFeelUnreal/RTS/Content/Characters/Mannequins/Textures/Manny/T_Manny_01_Tan.uasset" 569
"C:/Users/tonya/Desktop/Git/GameFeelUnreal/RTS/Content/Characters/Mannequins/Textures/Manny/T_Manny_01_Tan.uexp" 570
"C:/Users/tonya/Desktop/Git/GameFeelUnreal/RTS/Content/Characters/Mannequins/Materials/M_Mannequin.uasset" 571
"C:/Users/tonya/Desktop/Git/GameFeelUnreal/RTS/Content/Characters/Mannequins/Materials/M_Mannequin.uexp" 572
"C:/Users/tonya/Desktop/Git/GameFeelUnreal/RTS/Content/Characters/Mannequins/Materials/Instances/Manny/MI_Manny_01.uasset" 573
"C:/Users/tonya/Desktop/Git/GameFeelUnreal/RTS/Content/Characters/Mannequins/Materials/Instances/Manny/MI_Manny_01.uexp" 574
"C:/Users/tonya/Desktop/Git/GameFeelUnreal/RTS/Content/Characters/Mannequins/Textures/Manny/T_Manny_02_BN.ubulk" 575
"C:/Users/tonya/Desktop/Git/GameFeelUnreal/RTS/Content/Characters/Mannequins/Textures/Manny/T_Manny_02_BN.uasset" 576
"C:/Users/tonya/Desktop/Git/GameFeelUnreal/RTS/Content/Characters/Mannequins/Textures/Manny/T_Manny_02_BN.uexp" 577
"C:/Users/tonya/Desktop/Git/GameFeelUnreal/RTS/Content/Characters/Mannequins/Textures/Manny/T_Manny_02_ASAOPMASK_MSK.ubulk" 578
"C:/Users/tonya/Desktop/Git/GameFeelUnreal/RTS/Content/Characters/Mannequins/Textures/Manny/T_Manny_02_ASAOPMASK_MSK.uasset" 579
"C:/Users/tonya/Desktop/Git/GameFeelUnreal/RTS/Content/Characters/Mannequins/Textures/Manny/T_Manny_02_ASAOPMASK_MSK.uexp" 580
"C:/Users/tonya/Desktop/Git/GameFeelUnreal/RTS/Content/Characters/Mannequins/Textures/Manny/T_Manny_02_D.ubulk" 581
"C:/Users/tonya/Desktop/Git/GameFeelUnreal/RTS/Content/Characters/Mannequins/Textures/Manny/T_Manny_02_D.uasset" 582
"C:/Users/tonya/Desktop/Git/GameFeelUnreal/RTS/Content/Characters/Mannequins/Textures/Manny/T_Manny_02_D.uexp" 583
"C:/Users/tonya/Desktop/Git/GameFeelUnreal/RTS/Content/Characters/Mannequins/Materials/Instances/Manny/MI_Manny_02.uasset" 584
"C:/Users/tonya/Desktop/Git/GameFeelUnreal/RTS/Content/Characters/Mannequins/Materials/Instances/Manny/MI_Manny_02.uexp" 585
"C:/Users/tonya/Desktop/Git/GameFeelUnreal/RTS/Content/Characters/Mannequins/Rigs/PA_Mannequin.uasset" 586
"C:/Users/tonya/Desktop/Git/GameFeelUnreal/RTS/Content/Characters/Mannequins/Rigs/PA_Mannequin.uexp" 587
"C:/Users/tonya/Desktop/Git/GameFeelUnreal/RTS/Content/Characters/Mannequins/Meshes/SKM_Manny_Simple.uasset" 588
"C:/Users/tonya/Desktop/Git/GameFeelUnreal/RTS/Content/Characters/Mannequins/Meshes/SKM_Manny_Simple.uexp" 589
"C:/Users/tonya/Desktop/Git/GameFeelUnreal/RTS/Content/TopDown/Sounds/s_BuildComplete.ubulk" 590
"C:/Users/tonya/Desktop/Git/GameFeelUnreal/RTS/Content/TopDown/Sounds/s_BuildComplete.uasset" 591
"C:/Users/tonya/Desktop/Git/GameFeelUnreal/RTS/Content/TopDown/Sounds/s_BuildComplete.uexp" 592
"C:/Users/tonya/Desktop/Git/GameFeelUnreal/RTS/Content/TopDown/Sounds/SC_BuildComplete_Cue.uasset" 593
"C:/Users/tonya/Desktop/Git/GameFeelUnreal/RTS/Content/TopDown/Sounds/SC_BuildComplete_Cue.uexp" 594
"C:/Users/tonya/Desktop/Git/GameFeelUnreal/RTS/Content/TopDown/Blueprints/BP_TopDownCharacter.uasset" 595
"C:/Users/tonya/Desktop/Git/GameFeelUnreal/RTS/Content/TopDown/Blueprints/BP_TopDownCharacter.uexp" 596
"C:/Users/tonya/Desktop/Git/GameFeelUnreal/RTS/Content/LowPoly_Castle/Castle_Materials/M_FrontBuilding.uasset" 597
"C:/Users/tonya/Desktop/Git/GameFeelUnreal/RTS/Content/LowPoly_Castle/Castle_Materials/M_FrontBuilding.uexp" 598
"C:/Users/tonya/Desktop/Git/GameFeelUnreal/RTS/Content/LowPoly_Castle/CastleAssets_Part2/FrontBuilding/SM_FrontBuilding.ubulk" 599
"C:/Users/tonya/Desktop/Git/GameFeelUnreal/RTS/Content/LowPoly_Castle/CastleAssets_Part2/FrontBuilding/SM_FrontBuilding.uasset" 600
"C:/Users/tonya/Desktop/Git/GameFeelUnreal/RTS/Content/LowPoly_Castle/CastleAssets_Part2/FrontBuilding/SM_FrontBuilding.uexp" 601
"C:/Users/tonya/Desktop/Git/GameFeelUnreal/RTS/Content/TopDown/Props/MI_TowerRoof.uasset" 602
"C:/Users/tonya/Desktop/Git/GameFeelUnreal/RTS/Content/TopDown/Props/MI_TowerRoof.uexp" 603
"C:/Users/tonya/Desktop/Git/GameFeelUnreal/RTS/Content/TopDown/Blueprints/BP_Almacen.uasset" 604
"C:/Users/tonya/Desktop/Git/GameFeelUnreal/RTS/Content/TopDown/Blueprints/BP_Almacen.uexp" 605
"C:/Users/tonya/Desktop/Git/GameFeelUnreal/RTS/Content/TopDown/Props/MI_CollectUnit.uasset" 606
"C:/Users/tonya/Desktop/Git/GameFeelUnreal/RTS/Content/TopDown/Props/MI_CollectUnit.uexp" 607
"C:/Users/tonya/Desktop/Git/GameFeelUnreal/RTS/Content/LowPoly_Castle/Castle_Textures/T_Stone_Base.ubulk" 608
"C:/Users/tonya/Desktop/Git/GameFeelUnreal/RTS/Content/LowPoly_Castle/Castle_Textures/T_Stone_Base.uasset" 609
"C:/Users/tonya/Desktop/Git/GameFeelUnreal/RTS/Content/LowPoly_Castle/Castle_Textures/T_Stone_Base.uexp" 610
"C:/Users/tonya/Desktop/Git/GameFeelUnreal/RTS/Content/LowPoly_Castle/Castle_Textures/T_Stone_Normals.ubulk" 611
"C:/Users/tonya/Desktop/Git/GameFeelUnreal/RTS/Content/LowPoly_Castle/Castle_Textures/T_Stone_Normals.uasset" 612
"C:/Users/tonya/Desktop/Git/GameFeelUnreal/RTS/Content/LowPoly_Castle/Castle_Textures/T_Stone_Normals.uexp" 613
"C:/Users/tonya/Desktop/Git/GameFeelUnreal/RTS/Content/LowPoly_Castle/Castle_Textures/T_Stone_Roughness.ubulk" 614
"C:/Users/tonya/Desktop/Git/GameFeelUnreal/RTS/Content/LowPoly_Castle/Castle_Textures/T_Stone_Roughness.uasset" 615
"C:/Users/tonya/Desktop/Git/GameFeelUnreal/RTS/Content/LowPoly_Castle/Castle_Textures/T_Stone_Roughness.uexp" 616
"C:/Users/tonya/Desktop/Git/GameFeelUnreal/RTS/Content/TopDown/Props/MI_Stone.uasset" 617
"C:/Users/tonya/Desktop/Git/GameFeelUnreal/RTS/Content/TopDown/Props/MI_Stone.uexp" 618
"C:/Users/tonya/Desktop/Git/GameFeelUnreal/RTS/Content/LowPoly_Castle/Castle_Materials/M_Stone.uasset" 619
"C:/Users/tonya/Desktop/Git/GameFeelUnreal/RTS/Content/LowPoly_Castle/Castle_Materials/M_Stone.uexp" 620
"C:/Users/tonya/Desktop/Git/GameFeelUnreal/RTS/Content/LowPoly_Castle/CastleAssets_Part5/Castle_Stone/SM_Stone.ubulk" 621
"C:/Users/tonya/Desktop/Git/GameFeelUnreal/RTS/Content/LowPoly_Castle/CastleAssets_Part5/Castle_Stone/SM_Stone.uasset" 622
"C:/Users/tonya/Desktop/Git/GameFeelUnreal/RTS/Content/LowPoly_Castle/CastleAssets_Part5/Castle_Stone/SM_Stone.uexp" 623
"C:/Users/tonya/Desktop/Git/GameFeelUnreal/RTS/Content/TopDown/Blueprints/BP_Stone.uasset" 624
"C:/Users/tonya/Desktop/Git/GameFeelUnreal/RTS/Content/TopDown/Blueprints/BP_Stone.uexp" 625
"C:/Users/tonya/Desktop/Git/GameFeelUnreal/RTS/Content/TopDown/Blueprints/BP_CollectUnit.uasset" 626
"C:/Users/tonya/Desktop/Git/GameFeelUnreal/RTS/Content/TopDown/Blueprints/BP_CollectUnit.uexp" 627
"C:/Users/tonya/Desktop/Git/GameFeelUnreal/RTS/Content/EvergreenKit/Textures/Trimsheets/T_EvergreenProps_OcclusionRoughnessMetallic.ubulk" 628
"C:/Users/tonya/Desktop/Git/GameFeelUnreal/RTS/Content/EvergreenKit/Textures/Trimsheets/T_EvergreenProps_OcclusionRoughnessMetallic.uasset" 629
"C:/Users/tonya/Desktop/Git/GameFeelUnreal/RTS/Content/EvergreenKit/Textures/Trimsheets/T_EvergreenProps_OcclusionRoughnessMetallic.uexp" 630
"C:/Users/tonya/Desktop/Git/GameFeelUnreal/RTS/Content/EvergreenKit/Textures/Trimsheets/T_EvergreenProps_BaseColor.ubulk" 631
"C:/Users/tonya/Desktop/Git/GameFeelUnreal/RTS/Content/EvergreenKit/Textures/Trimsheets/T_EvergreenProps_BaseColor.uasset" 632
"C:/Users/tonya/Desktop/Git/GameFeelUnreal/RTS/Content/EvergreenKit/Textures/Trimsheets/T_EvergreenProps_BaseColor.uexp" 633
"C:/Users/tonya/Desktop/Git/GameFeelUnreal/RTS/Content/EvergreenKit/Textures/Trimsheets/T_EvergreenProps__Normal.ubulk" 634
"C:/Users/tonya/Desktop/Git/GameFeelUnreal/RTS/Content/EvergreenKit/Textures/Trimsheets/T_EvergreenProps__Normal.uasset" 635
"C:/Users/tonya/Desktop/Git/GameFeelUnreal/RTS/Content/EvergreenKit/Textures/Trimsheets/T_EvergreenProps__Normal.uexp" 636
"C:/Users/tonya/Desktop/Git/GameFeelUnreal/RTS/Content/EvergreenKit/Materials/Trimsheets/M_Trimsheet_Base_Evergreen.uasset" 637
"C:/Users/tonya/Desktop/Git/GameFeelUnreal/RTS/Content/EvergreenKit/Materials/Trimsheets/M_Trimsheet_Base_Evergreen.uexp" 638
"C:/Users/tonya/Desktop/Git/GameFeelUnreal/RTS/Content/EvergreenKit/Materials/Trimsheets/MI_Trimsheet_Evergreen.uasset" 639
"C:/Users/tonya/Desktop/Git/GameFeelUnreal/RTS/Content/EvergreenKit/Materials/Trimsheets/MI_Trimsheet_Evergreen.uexp" 640
"../../../Engine/Content/Functions/Engine_MaterialFunctions01/Gradient/LinearGradient.uasset" 641
"../../../Engine/Content/Functions/Engine_MaterialFunctions01/Gradient/LinearGradient.uexp" 642
"../../../Engine/Content/Functions/Engine_MaterialFunctions01/WorldPositionOffset/SimpleGrassWind.uasset" 643
"../../../Engine/Content/Functions/Engine_MaterialFunctions01/WorldPositionOffset/SimpleGrassWind.uexp" 644
"C:/Users/tonya/Desktop/Git/GameFeelUnreal/RTS/Content/EvergreenKit/Textures/General/T_EvergreenNature_Atlas.ubulk" 645
"C:/Users/tonya/Desktop/Git/GameFeelUnreal/RTS/Content/EvergreenKit/Textures/General/T_EvergreenNature_Atlas.uasset" 646
"C:/Users/tonya/Desktop/Git/GameFeelUnreal/RTS/Content/EvergreenKit/Textures/General/T_EvergreenNature_Atlas.uexp" 647
"C:/Users/tonya/Desktop/Git/GameFeelUnreal/RTS/Content/EvergreenKit/Materials/Foliage/Base/M_Foliage_Evergreen.uasset" 648
"C:/Users/tonya/Desktop/Git/GameFeelUnreal/RTS/Content/EvergreenKit/Materials/Foliage/Base/M_Foliage_Evergreen.uexp" 649
"C:/Users/tonya/Desktop/Git/GameFeelUnreal/RTS/Content/EvergreenKit/Materials/Foliage/MI_Leaves_Evergreen.uasset" 650
"C:/Users/tonya/Desktop/Git/GameFeelUnreal/RTS/Content/EvergreenKit/Materials/Foliage/MI_Leaves_Evergreen.uexp" 651
"C:/Users/tonya/Desktop/Git/GameFeelUnreal/RTS/Content/EvergreenKit/Mesh/Trees/SM_StylizedTree_D.ubulk" 652
"C:/Users/tonya/Desktop/Git/GameFeelUnreal/RTS/Content/EvergreenKit/Mesh/Trees/SM_StylizedTree_D.uasset" 653
"C:/Users/tonya/Desktop/Git/GameFeelUnreal/RTS/Content/EvergreenKit/Mesh/Trees/SM_StylizedTree_D.uexp" 654
"C:/Users/tonya/Desktop/Git/GameFeelUnreal/RTS/Content/TopDown/Blueprints/BP_Tree.uasset" 655
"C:/Users/tonya/Desktop/Git/GameFeelUnreal/RTS/Content/TopDown/Blueprints/BP_Tree.uexp" 656
"C:/Users/tonya/Desktop/Git/GameFeelUnreal/RTS/Content/LowPoly_Castle/Castle_Materials/M_CastleOuterTower.uasset" 657
"C:/Users/tonya/Desktop/Git/GameFeelUnreal/RTS/Content/LowPoly_Castle/Castle_Materials/M_CastleOuterTower.uexp" 658
"C:/Users/tonya/Desktop/Git/GameFeelUnreal/RTS/Content/LowPoly_Castle/CastleAssets_Part4/CastleOuterTower/SM_CastleOuterTower.ubulk" 659
"C:/Users/tonya/Desktop/Git/GameFeelUnreal/RTS/Content/LowPoly_Castle/CastleAssets_Part4/CastleOuterTower/SM_CastleOuterTower.uasset" 660
"C:/Users/tonya/Desktop/Git/GameFeelUnreal/RTS/Content/LowPoly_Castle/CastleAssets_Part4/CastleOuterTower/SM_CastleOuterTower.uexp" 661
"C:/Users/tonya/Desktop/Git/GameFeelUnreal/RTS/Content/TopDown/Blueprints/BP_Torre.uasset" 662
"C:/Users/tonya/Desktop/Git/GameFeelUnreal/RTS/Content/TopDown/Blueprints/BP_Torre.uexp" 663
"../../../Engine/Content/EngineResources/DefaultTextureCube.uasset" 664
"../../../Engine/Content/EngineResources/DefaultTextureCube.uexp" 665
"../../../Engine/Content/EngineResources/DefaultVolumeTexture2D.uasset" 666
"../../../Engine/Content/EngineResources/DefaultVolumeTexture2D.uexp" 667
"../../../Engine/Content/EngineResources/DefaultVolumeTexture.uasset" 668
"../../../Engine/Content/EngineResources/DefaultVolumeTexture.uexp" 669
"../../../Engine/Content/EngineMaterials/Substrate/Volume/SubstrateSimpleVolumeEnvLUT3D.uasset" 670
"../../../Engine/Content/EngineMaterials/Substrate/Volume/SubstrateSimpleVolumeEnvLUT3D.uexp" 671
"../../../Engine/Content/EngineMaterials/Substrate/Volume/SubstrateSimpleVolumeLUT3D.uasset" 672
"../../../Engine/Content/EngineMaterials/Substrate/Volume/SubstrateSimpleVolumeLUT3D.uexp" 673
"../../../Engine/Content/Functions/Engine_MaterialFunctions01/Shading/ConvertFromDiffSpec.uasset" 674
"../../../Engine/Content/Functions/Engine_MaterialFunctions01/Shading/ConvertFromDiffSpec.uexp" 675
"../../../Engine/Content/Functions/Engine_MaterialFunctions01/Shading/PowerToRoughness.uasset" 676
"../../../Engine/Content/Functions/Engine_MaterialFunctions01/Shading/PowerToRoughness.uexp" 677
"../../../Engine/Content/EditorMaterials/Dataflow/DataflowTwoSidedVertexMaterial.uasset" 678
"../../../Engine/Content/EditorMaterials/Dataflow/DataflowTwoSidedVertexMaterial.uexp" 679
"../../../Engine/Content/EditorMaterials/Dataflow/DataflowVertexMaterial.uasset" 680
"../../../Engine/Content/EditorMaterials/Dataflow/DataflowVertexMaterial.uexp" 681
"../../../Engine/Content/BasicShapes/BasicShapeMaterial.uasset" 682
"../../../Engine/Content/BasicShapes/BasicShapeMaterial.uexp" 683
"../../../Engine/Content/EditorMaterials/PhAT_NoCollisionMaterial.uasset" 684
"../../../Engine/Content/EditorMaterials/PhAT_NoCollisionMaterial.uexp" 685
"../../../Engine/Content/EditorMaterials/PhAT_UnselectedMaterial.uasset" 686
"../../../Engine/Content/EditorMaterials/PhAT_UnselectedMaterial.uexp" 687
"../../../Engine/Content/EditorMaterials/PreviewShadowIndicator.ubulk" 688
"../../../Engine/Content/EditorMaterials/PreviewShadowIndicator.uasset" 689
"../../../Engine/Content/EditorMaterials/PreviewShadowIndicator.uexp" 690
"../../../Engine/Content/EditorMaterials/PreviewShadowIndicatorMaterial.uasset" 691
"../../../Engine/Content/EditorMaterials/PreviewShadowIndicatorMaterial.uexp" 692
"../../../Engine/Content/EngineDebugMaterials/DebugEditorMaterial.uasset" 693
"../../../Engine/Content/EngineDebugMaterials/DebugEditorMaterial.uexp" 694
"../../../Engine/Content/EngineDebugMaterials/DebugMeshMaterial.uasset" 695
"../../../Engine/Content/EngineDebugMaterials/DebugMeshMaterial.uexp" 696
"../../../Engine/Content/EngineDebugMaterials/M_SimpleUnlitTranslucent.uasset" 697
"../../../Engine/Content/EngineDebugMaterials/M_SimpleUnlitTranslucent.uexp" 698
"../../../Engine/Content/Functions/Engine_MaterialFunctions02/Utility/CameraDirectionVector.uasset" 699
"../../../Engine/Content/Functions/Engine_MaterialFunctions02/Utility/CameraDirectionVector.uexp" 700
"../../../Engine/Content/EngineDebugMaterials/VolumeToRender.uasset" 701
"../../../Engine/Content/EngineDebugMaterials/VolumeToRender.uexp" 702
"../../../Engine/Content/EngineDebugMaterials/M_VolumeRenderSphereTracePP.uasset" 703
"../../../Engine/Content/EngineDebugMaterials/M_VolumeRenderSphereTracePP.uexp" 704
"../../../Engine/Content/EngineMaterials/DefaultDiffuse.ubulk" 705
"../../../Engine/Content/EngineMaterials/DefaultDiffuse.uasset" 706
"../../../Engine/Content/EngineMaterials/DefaultDiffuse.uexp" 707
"../../../Engine/Content/EngineMaterials/DefaultDeferredDecalMaterial.uasset" 708
"../../../Engine/Content/EngineMaterials/DefaultDeferredDecalMaterial.uexp" 709
"../../../Engine/Content/EngineMaterials/DefaultLightFunctionMaterial.uasset" 710
"../../../Engine/Content/EngineMaterials/DefaultLightFunctionMaterial.uexp" 711
"../../../Engine/Content/EngineMaterials/DefaultPostProcessMaterial.uasset" 712
"../../../Engine/Content/EngineMaterials/DefaultPostProcessMaterial.uexp" 713
"../../../Engine/Content/EngineFonts/RobotoDistanceField.uasset" 714
"../../../Engine/Content/EngineFonts/RobotoDistanceField.uexp" 715
"../../../Engine/Content/EngineMaterials/DefaultTextMaterialOpaque.uasset" 716
"../../../Engine/Content/EngineMaterials/DefaultTextMaterialOpaque.uexp" 717
"../../../Engine/Content/EngineMaterials/DefaultWhiteGrid_Low.uasset" 718
"../../../Engine/Content/EngineMaterials/DefaultWhiteGrid_Low.uexp" 719
"../../../Engine/Content/EngineMaterials/EmissiveMeshMaterial.uasset" 720
"../../../Engine/Content/EngineMaterials/EmissiveMeshMaterial.uexp" 721
"../../../Engine/Content/EngineMaterials/BaseFlattenNormalMap.uasset" 722
"../../../Engine/Content/EngineMaterials/BaseFlattenNormalMap.uexp" 723
"../../../Engine/Content/EngineMaterials/BaseFlattenGrayscaleMap.uasset" 724
"../../../Engine/Content/EngineMaterials/BaseFlattenGrayscaleMap.uexp" 725
"../../../Engine/Content/EngineMaterials/BaseFlattenDiffuseMap.uasset" 726
"../../../Engine/Content/EngineMaterials/BaseFlattenDiffuseMap.uexp" 727
"../../../Engine/Content/Functions/Engine_MaterialFunctions02/PivotPainter2/Black_1x1_EXR_Texture.uasset" 728
"../../../Engine/Content/Functions/Engine_MaterialFunctions02/PivotPainter2/Black_1x1_EXR_Texture.uexp" 729
"../../../Engine/Content/EngineMaterials/BaseFlattenEmissiveMap.uasset" 730
"../../../Engine/Content/EngineMaterials/BaseFlattenEmissiveMap.uexp" 731
"../../../Engine/Content/EngineMaterials/BaseFlattenLinearColor.uasset" 732
"../../../Engine/Content/EngineMaterials/BaseFlattenLinearColor.uexp" 733
"../../../Engine/Content/EngineMaterials/FlattenMaterial.uasset" 734
"../../../Engine/Content/EngineMaterials/FlattenMaterial.uexp" 735
"../../../Engine/Content/EngineMaterials/BaseFlattenEmissiveMap_VT.uasset" 736
"../../../Engine/Content/EngineMaterials/BaseFlattenEmissiveMap_VT.uexp" 737
"../../../Engine/Content/EngineMaterials/BaseFlattenGrayscaleMap_VT.uasset" 738
"../../../Engine/Content/EngineMaterials/BaseFlattenGrayscaleMap_VT.uexp" 739
"../../../Engine/Content/EngineMaterials/BaseFlattenLinearColor_VT.uasset" 740
"../../../Engine/Content/EngineMaterials/BaseFlattenLinearColor_VT.uexp" 741
"../../../Engine/Content/EngineMaterials/Black_1x1_EXR_Texture_VT.uasset" 742
"../../../Engine/Content/EngineMaterials/Black_1x1_EXR_Texture_VT.uexp" 743
"../../../Engine/Content/EngineMaterials/BaseFlattenDiffuseMap_VT.uasset" 744
"../../../Engine/Content/EngineMaterials/BaseFlattenDiffuseMap_VT.uexp" 745
"../../../Engine/Content/EngineMaterials/BaseFlattenNormalMap_VT.uasset" 746
"../../../Engine/Content/EngineMaterials/BaseFlattenNormalMap_VT.uexp" 747
"../../../Engine/Content/EngineMaterials/FlattenMaterial_VT.uasset" 748
"../../../Engine/Content/EngineMaterials/FlattenMaterial_VT.uexp" 749
"../../../Engine/Content/EngineMaterials/FlattenMaterial_WS_Normal_VT.uasset" 750
"../../../Engine/Content/EngineMaterials/FlattenMaterial_WS_Normal_VT.uexp" 751
"../../../Engine/Content/EngineMaterials/GizmoMaterial.uasset" 752
"../../../Engine/Content/EngineMaterials/GizmoMaterial.uexp" 753
"../../../Engine/Content/EngineMaterials/InvalidLightmapSettings.ubulk" 754
"../../../Engine/Content/EngineMaterials/InvalidLightmapSettings.uasset" 755
"../../../Engine/Content/EngineMaterials/InvalidLightmapSettings.uexp" 756
"../../../Engine/Content/EngineMaterials/M_InvalidLightmapSettings.uasset" 757
"../../../Engine/Content/EngineMaterials/M_InvalidLightmapSettings.uexp" 758
"../../../Engine/Content/EngineMaterials/NaniteHiddenSectionMaterial.uasset" 759
"../../../Engine/Content/EngineMaterials/NaniteHiddenSectionMaterial.uexp" 760
"../../../Engine/Content/Functions/Engine_MaterialFunctions02/WorldPositionOffset/CameraOffset.uasset" 761
"../../../Engine/Content/Functions/Engine_MaterialFunctions02/WorldPositionOffset/CameraOffset.uexp" 762
"../../../Engine/Content/EngineMaterials/PhAT_JointLimitMaterial.uasset" 763
"../../../Engine/Content/EngineMaterials/PhAT_JointLimitMaterial.uexp" 764
"../../../Engine/Content/EngineMaterials/DefaultCalibrationColor.uasset" 765
"../../../Engine/Content/EngineMaterials/DefaultCalibrationColor.uexp" 766
"../../../Engine/Content/EngineMaterials/PPM_DefaultCalibrationColor.uasset" 767
"../../../Engine/Content/EngineMaterials/PPM_DefaultCalibrationColor.uexp" 768
"../../../Engine/Content/EngineMaterials/DefaultCalibrationGrayscale.uasset" 769
"../../../Engine/Content/EngineMaterials/DefaultCalibrationGrayscale.uexp" 770
"../../../Engine/Content/EngineMaterials/PPM_DefaultCalibrationGrayscale.uasset" 771
"../../../Engine/Content/EngineMaterials/PPM_DefaultCalibrationGrayscale.uexp" 772
"../../../Engine/Content/EngineMaterials/RemoveSurfaceMaterial.uasset" 773
"../../../Engine/Content/EngineMaterials/RemoveSurfaceMaterial.uexp" 774
"../../../Engine/Plugins/Animation/ControlRig/Content/Controls/ControlRigGizmoMaterial.uasset" 775
"../../../Engine/Plugins/Animation/ControlRig/Content/Controls/ControlRigGizmoMaterial.uexp" 776
"../../../Engine/Plugins/Animation/ControlRig/Content/Controls/ControlRigXRayMaterial.uasset" 777
"../../../Engine/Plugins/Animation/ControlRig/Content/Controls/ControlRigXRayMaterial.uexp" 778
"../../../Engine/Plugins/Editor/SpeedTreeImporter/Content/SpeedTree9/game_wind_noise.ubulk" 779
"../../../Engine/Plugins/Editor/SpeedTreeImporter/Content/SpeedTree9/game_wind_noise.uasset" 780
"../../../Engine/Plugins/Editor/SpeedTreeImporter/Content/SpeedTree9/game_wind_noise.uexp" 781
"../../../Engine/Plugins/Editor/SpeedTreeImporter/Content/SpeedTree9/UnpackDirection.uasset" 782
"../../../Engine/Plugins/Editor/SpeedTreeImporter/Content/SpeedTree9/UnpackDirection.uexp" 783
"../../../Engine/Content/Functions/Engine_MaterialFunctions02/ObjectLocalBounds.uasset" 784
"../../../Engine/Content/Functions/Engine_MaterialFunctions02/ObjectLocalBounds.uexp" 785
"../../../Engine/Content/Functions/Engine_MaterialFunctions02/Utility/BreakOutFloat3Components.uasset" 786
"../../../Engine/Content/Functions/Engine_MaterialFunctions02/Utility/BreakOutFloat3Components.uexp" 787
"../../../Engine/Content/Functions/Engine_MaterialFunctions02/UVs/BoundingBoxBased_0-1_UVW.uasset" 788
"../../../Engine/Content/Functions/Engine_MaterialFunctions02/UVs/BoundingBoxBased_0-1_UVW.uexp" 789
"../../../Engine/Plugins/Editor/SpeedTreeImporter/Content/SpeedTree9/SpeedTreeBillboard.uasset" 790
"../../../Engine/Plugins/Editor/SpeedTreeImporter/Content/SpeedTree9/SpeedTreeBillboard.uexp" 791
"../../../Engine/Content/Functions/Engine_MaterialFunctions02/Utility/VectorLength.uasset" 792
"../../../Engine/Content/Functions/Engine_MaterialFunctions02/Utility/VectorLength.uexp" 793
"../../../Engine/Plugins/Editor/SpeedTreeImporter/Content/SpeedTree9/UnpackInteger3.uasset" 794
"../../../Engine/Plugins/Editor/SpeedTreeImporter/Content/SpeedTree9/UnpackInteger3.uexp" 795
"../../../Engine/Content/Functions/Engine_MaterialFunctions02/WorldPositionOffset/ObjectScale.uasset" 796
"../../../Engine/Content/Functions/Engine_MaterialFunctions02/WorldPositionOffset/ObjectScale.uexp" 797
"../../../Engine/Content/Functions/Engine_MaterialFunctions02/SafeNormalize.uasset" 798
"../../../Engine/Content/Functions/Engine_MaterialFunctions02/SafeNormalize.uexp" 799
"../../../Engine/Plugins/Editor/SpeedTreeImporter/Content/SpeedTree9/SpeedTreeWindMotion.uasset" 800
"../../../Engine/Plugins/Editor/SpeedTreeImporter/Content/SpeedTree9/SpeedTreeWindMotion.uexp" 801
"../../../Engine/Plugins/Editor/SpeedTreeImporter/Content/SpeedTree9/SpeedTreeBranchMotion.uasset" 802
"../../../Engine/Plugins/Editor/SpeedTreeImporter/Content/SpeedTree9/SpeedTreeBranchMotion.uexp" 803
"../../../Engine/Plugins/Editor/SpeedTreeImporter/Content/SpeedTree9/SpeedTreeWind.uasset" 804
"../../../Engine/Plugins/Editor/SpeedTreeImporter/Content/SpeedTree9/SpeedTreeWind.uexp" 805
"../../../Engine/Plugins/Editor/SpeedTreeImporter/Content/SpeedTree9/EmptyNormal.uasset" 806
"../../../Engine/Plugins/Editor/SpeedTreeImporter/Content/SpeedTree9/EmptyNormal.uexp" 807
"../../../Engine/Plugins/Editor/SpeedTreeImporter/Content/SpeedTree9/Empty.uasset" 808
"../../../Engine/Plugins/Editor/SpeedTreeImporter/Content/SpeedTree9/Empty.uexp" 809
"../../../Engine/Plugins/Editor/SpeedTreeImporter/Content/SpeedTree9/SpeedTreeBillboardMaster.uasset" 810
"../../../Engine/Plugins/Editor/SpeedTreeImporter/Content/SpeedTree9/SpeedTreeBillboardMaster.uexp" 811
"../../../Engine/Plugins/Editor/SpeedTreeImporter/Content/SpeedTree9/SpeedTreeCameraFacing.uasset" 812
"../../../Engine/Plugins/Editor/SpeedTreeImporter/Content/SpeedTree9/SpeedTreeCameraFacing.uexp" 813
"../../../Engine/Plugins/Editor/SpeedTreeImporter/Content/SpeedTree9/SpeedTreeMaster.uasset" 814
"../../../Engine/Plugins/Editor/SpeedTreeImporter/Content/SpeedTree9/SpeedTreeMaster.uexp" 815
"../../../Engine/Plugins/Interchange/Assets/Content/Functions/MX_AbsorptionVDF.uasset" 816
"../../../Engine/Plugins/Interchange/Assets/Content/Functions/MX_AbsorptionVDF.uexp" 817
"../../../Engine/Plugins/Interchange/Assets/Content/Functions/MX_AnisotropicVDF.uasset" 818
"../../../Engine/Plugins/Interchange/Assets/Content/Functions/MX_AnisotropicVDF.uexp" 819
"../../../Engine/Plugins/Interchange/Assets/Content/Functions/MX_BurleyDiffuseBSDF.uasset" 820
"../../../Engine/Plugins/Interchange/Assets/Content/Functions/MX_BurleyDiffuseBSDF.uexp" 821
"../../../Engine/Plugins/Interchange/Assets/Content/Functions/MX_ConductorBSDF.uasset" 822
"../../../Engine/Plugins/Interchange/Assets/Content/Functions/MX_ConductorBSDF.uexp" 823
"../../../Engine/Plugins/Interchange/Assets/Content/Functions/MX_ConicalEDF.uasset" 824
"../../../Engine/Plugins/Interchange/Assets/Content/Functions/MX_ConicalEDF.uexp" 825
"../../../Engine/Plugins/Interchange/Assets/Content/Functions/MX_DielectricBSDF.uasset" 826
"../../../Engine/Plugins/Interchange/Assets/Content/Functions/MX_DielectricBSDF.uexp" 827
"../../../Engine/Plugins/Interchange/Assets/Content/Functions/MX_GeneralizedSchlickBSDF.uasset" 828
"../../../Engine/Plugins/Interchange/Assets/Content/Functions/MX_GeneralizedSchlickBSDF.uexp" 829
"../../../Engine/Plugins/Interchange/Assets/Content/Functions/MX_MeasuredEDF.uasset" 830
"../../../Engine/Plugins/Interchange/Assets/Content/Functions/MX_MeasuredEDF.uexp" 831
"../../../Engine/Plugins/Interchange/Assets/Content/Utilities/New_LUT.uasset" 832
"../../../Engine/Plugins/Interchange/Assets/Content/Utilities/New_LUT.uexp" 833
"../../../Engine/Content/Functions/Engine_MaterialFunctions03/Math/RemapValueRange.uasset" 834
"../../../Engine/Content/Functions/Engine_MaterialFunctions03/Math/RemapValueRange.uexp" 835
"../../../Engine/Plugins/Interchange/Assets/Content/Functions/MF_Iridescence.uasset" 836
"../../../Engine/Plugins/Interchange/Assets/Content/Functions/MF_Iridescence.uexp" 837
"../../../Engine/Plugins/Interchange/Assets/Content/Functions/MX_StandardSurface.uasset" 838
"../../../Engine/Plugins/Interchange/Assets/Content/Functions/MX_StandardSurface.uexp" 839
"../../../Engine/Plugins/Interchange/Assets/Content/Functions/MX_OpenPBR_Opaque.uasset" 840
"../../../Engine/Plugins/Interchange/Assets/Content/Functions/MX_OpenPBR_Opaque.uexp" 841
"../../../Engine/Plugins/Interchange/Assets/Content/Functions/MX_TransmissionSurface.uasset" 842
"../../../Engine/Plugins/Interchange/Assets/Content/Functions/MX_TransmissionSurface.uexp" 843
"../../../Engine/Plugins/Interchange/Assets/Content/Functions/MX_OpenPBR_Translucent.uasset" 844
"../../../Engine/Plugins/Interchange/Assets/Content/Functions/MX_OpenPBR_Translucent.uexp" 845
"../../../Engine/Plugins/Interchange/Assets/Content/Functions/MX_OrenNayarBSDF.uasset" 846
"../../../Engine/Plugins/Interchange/Assets/Content/Functions/MX_OrenNayarBSDF.uexp" 847
"../../../Engine/Plugins/Interchange/Assets/Content/Functions/MX_SheenBSDF.uasset" 848
"../../../Engine/Plugins/Interchange/Assets/Content/Functions/MX_SheenBSDF.uexp" 849
"../../../Engine/Plugins/Interchange/Assets/Content/Functions/MX_SubsurfaceBSDF.uasset" 850
"../../../Engine/Plugins/Interchange/Assets/Content/Functions/MX_SubsurfaceBSDF.uexp" 851
"../../../Engine/Plugins/Interchange/Assets/Content/Functions/MX_Surface.uasset" 852
"../../../Engine/Plugins/Interchange/Assets/Content/Functions/MX_Surface.uexp" 853
"../../../Engine/Plugins/Interchange/Assets/Content/Functions/MX_SurfaceUnlit.uasset" 854
"../../../Engine/Plugins/Interchange/Assets/Content/Functions/MX_SurfaceUnlit.uexp" 855
"../../../Engine/Plugins/Interchange/Assets/Content/Functions/MX_ThinFilmBSDF.uasset" 856
"../../../Engine/Plugins/Interchange/Assets/Content/Functions/MX_ThinFilmBSDF.uexp" 857
"../../../Engine/Plugins/Interchange/Assets/Content/Functions/MX_TranslucentBSDF.uasset" 858
"../../../Engine/Plugins/Interchange/Assets/Content/Functions/MX_TranslucentBSDF.uexp" 859
"../../../Engine/Plugins/Interchange/Assets/Content/Functions/MX_UniformEDF.uasset" 860
"../../../Engine/Plugins/Interchange/Assets/Content/Functions/MX_UniformEDF.uexp" 861
"../../../Engine/Plugins/Interchange/Assets/Content/Functions/MX_UsdPreviewSurface.uasset" 862
"../../../Engine/Plugins/Interchange/Assets/Content/Functions/MX_UsdPreviewSurface.uexp" 863
"../../../Engine/Plugins/Runtime/HairStrands/Content/Materials/HairCardsDefaultMaterial.uasset" 864
"../../../Engine/Plugins/Runtime/HairStrands/Content/Materials/HairCardsDefaultMaterial.uexp" 865
"../../../Engine/Plugins/Runtime/HairStrands/Content/Materials/HairGroupColors.uasset" 866
"../../../Engine/Plugins/Runtime/HairStrands/Content/Materials/HairGroupColors.uexp" 867
"../../../Engine/Content/Functions/Engine_MaterialFunctions02/Utility/MakeFloat2.uasset" 868
"../../../Engine/Content/Functions/Engine_MaterialFunctions02/Utility/MakeFloat2.uexp" 869
"../../../Engine/Content/Functions/Engine_MaterialFunctions02/Utility/MakeFloat3.uasset" 870
"../../../Engine/Content/Functions/Engine_MaterialFunctions02/Utility/MakeFloat3.uexp" 871
"../../../Engine/Content/EngineMaterials/HairColorMap.uasset" 872
"../../../Engine/Content/EngineMaterials/HairColorMap.uexp" 873
"../../../Engine/Content/EngineMaterials/HairDebugColor.uasset" 874
"../../../Engine/Content/EngineMaterials/HairDebugColor.uexp" 875
"../../../Engine/Plugins/Runtime/HairStrands/Content/Materials/HairDebugMaterial.uasset" 876
"../../../Engine/Plugins/Runtime/HairStrands/Content/Materials/HairDebugMaterial.uexp" 877
"../../../Engine/Plugins/Runtime/HairStrands/Content/Materials/HairDefaultMaterial.uasset" 878
"../../../Engine/Plugins/Runtime/HairStrands/Content/Materials/HairDefaultMaterial.uexp" 879
"../../../Engine/Plugins/Runtime/HairStrands/Content/Materials/HairMeshesDefaultMaterial.uasset" 880
"../../../Engine/Plugins/Runtime/HairStrands/Content/Materials/HairMeshesDefaultMaterial.uexp" 881
"../../../Engine/Plugins/Runtime/MeshModelingToolset/Content/Materials/M_DynamicMeshComponentVtxColor.uasset" 882
"../../../Engine/Plugins/Runtime/MeshModelingToolset/Content/Materials/M_DynamicMeshComponentVtxColor.uexp" 883
"../../../Engine/Plugins/Animation/ControlRig/Content/M_Manip.uasset" 884
"../../../Engine/Plugins/Animation/ControlRig/Content/M_Manip.uexp" 885
"../../../Engine/Content/EngineMeshes/Sphere.ubulk" 886
"../../../Engine/Content/EngineMeshes/Sphere.uasset" 887
"../../../Engine/Content/EngineMeshes/Sphere.uexp" 888
"../../../Engine/Content/EngineMaterials/Substrate/GLints/AGlintTex2dArray.uasset" 889
"../../../Engine/Content/EngineMaterials/Substrate/GLints/AGlintTex2dArray.uexp" 890
"../../../Engine/Content/EngineMaterials/Substrate/GLints2/AGlintTex2dArray2.uasset" 891
"../../../Engine/Content/EngineMaterials/Substrate/GLints2/AGlintTex2dArray2.uexp" 892
"../../../Engine/Content/EngineMaterials/T_Default_Material_Grid_M.ubulk" 893
"../../../Engine/Content/EngineMaterials/T_Default_Material_Grid_M.uasset" 894
"../../../Engine/Content/EngineMaterials/T_Default_Material_Grid_M.uexp" 895
"../../../Engine/Content/EngineMaterials/T_Default_Material_Grid_N.ubulk" 896
"../../../Engine/Content/EngineMaterials/T_Default_Material_Grid_N.uasset" 897
"../../../Engine/Content/EngineMaterials/T_Default_Material_Grid_N.uexp" 898
"../../../Engine/Content/Functions/Engine_MaterialFunctions01/Opacity/CameraDepthFade.uasset" 899
"../../../Engine/Content/Functions/Engine_MaterialFunctions01/Opacity/CameraDepthFade.uexp" 900
"../../../Engine/Content/EngineMaterials/WorldGridMaterial.uasset" 901
"../../../Engine/Content/EngineMaterials/WorldGridMaterial.uexp" 902
"../../../Engine/Content/ArtTools/RenderToTexture/Meshes/S_1_Unit_Plane.ubulk" 903
"../../../Engine/Content/ArtTools/RenderToTexture/Meshes/S_1_Unit_Plane.uasset" 904
"../../../Engine/Content/ArtTools/RenderToTexture/Meshes/S_1_Unit_Plane.uexp" 905
"../../../Engine/Content/EditorMaterials/Camera/CineMat.uasset" 906
"../../../Engine/Content/EditorMaterials/Camera/CineMat.uexp" 907
"../../../Engine/Content/EditorMaterials/Camera/MI_CineMat_Rig.uasset" 908
"../../../Engine/Content/EditorMaterials/Camera/MI_CineMat_Rig.uexp" 909
"../../../Engine/Content/EditorMeshes/Camera/SM_CraneRig_Arm.ubulk" 910
"../../../Engine/Content/EditorMeshes/Camera/SM_CraneRig_Arm.uasset" 911
"../../../Engine/Content/EditorMeshes/Camera/SM_CraneRig_Arm.uexp" 912
"../../../Engine/Content/EditorMeshes/Camera/SM_CraneRig_Base.ubulk" 913
"../../../Engine/Content/EditorMeshes/Camera/SM_CraneRig_Base.uasset" 914
"../../../Engine/Content/EditorMeshes/Camera/SM_CraneRig_Base.uexp" 915
"../../../Engine/Content/EditorMeshes/Camera/SM_CraneRig_Body.ubulk" 916
"../../../Engine/Content/EditorMeshes/Camera/SM_CraneRig_Body.uasset" 917
"../../../Engine/Content/EditorMeshes/Camera/SM_CraneRig_Body.uexp" 918
"../../../Engine/Content/EditorMeshes/Camera/SM_CraneRig_Mount.ubulk" 919
"../../../Engine/Content/EditorMeshes/Camera/SM_CraneRig_Mount.uasset" 920
"../../../Engine/Content/EditorMeshes/Camera/SM_CraneRig_Mount.uexp" 921
"../../../Engine/Content/EditorMeshes/Camera/SM_RailRig_Mount.ubulk" 922
"../../../Engine/Content/EditorMeshes/Camera/SM_RailRig_Mount.uasset" 923
"../../../Engine/Content/EditorMeshes/Camera/SM_RailRig_Mount.uexp" 924
"../../../Engine/Content/EditorMeshes/Camera/SM_RailRig_Track.ubulk" 925
"../../../Engine/Content/EditorMeshes/Camera/SM_RailRig_Track.uasset" 926
"../../../Engine/Content/EditorMeshes/Camera/SM_RailRig_Track.uexp" 927
"../../../Engine/Content/EngineSky/VolumetricClouds/T_CloudMask.ubulk" 928
"../../../Engine/Content/EngineSky/VolumetricClouds/T_CloudMask.uasset" 929
"../../../Engine/Content/EngineSky/VolumetricClouds/T_CloudMask.uexp" 930
"../../../Engine/Content/EngineSky/VolumetricClouds/VT_Lightning.uasset" 931
"../../../Engine/Content/EngineSky/VolumetricClouds/VT_Lightning.uexp" 932
"../../../Engine/Content/EngineSky/VolumetricClouds/T_Profile_08.ubulk" 933
"../../../Engine/Content/EngineSky/VolumetricClouds/T_Profile_08.uasset" 934
"../../../Engine/Content/EngineSky/VolumetricClouds/T_Profile_08.uexp" 935
"../../../Engine/Content/Functions/Engine_MaterialFunctions02/Utility/MakeFloat4.uasset" 936
"../../../Engine/Content/Functions/Engine_MaterialFunctions02/Utility/MakeFloat4.uexp" 937
"../../../Engine/Content/Functions/Engine_MaterialFunctions01/Units/Km-to-Cm.uasset" 938
"../../../Engine/Content/Functions/Engine_MaterialFunctions01/Units/Km-to-Cm.uexp" 939
"../../../Engine/Content/Functions/Engine_MaterialFunctions02/Utility/BreakOutFloat4Components.uasset" 940
"../../../Engine/Content/Functions/Engine_MaterialFunctions02/Utility/BreakOutFloat4Components.uexp" 941
"../../../Engine/Content/EngineSky/VolumetricClouds/T_CloudPattern.ubulk" 942
"../../../Engine/Content/EngineSky/VolumetricClouds/T_CloudPattern.uasset" 943
"../../../Engine/Content/EngineSky/VolumetricClouds/T_CloudPattern.uexp" 944
"../../../Engine/Content/EngineSky/VolumetricClouds/VT_PerlinWorley_Balanced.uasset" 945
"../../../Engine/Content/EngineSky/VolumetricClouds/VT_PerlinWorley_Balanced.uexp" 946
"../../../Engine/Content/EngineSky/VolumetricClouds/m_SimpleVolumetricCloud.uasset" 947
"../../../Engine/Content/EngineSky/VolumetricClouds/m_SimpleVolumetricCloud.uexp" 948
"../../../Engine/Content/EngineSky/VolumetricClouds/m_SimpleVolumetricCloud_Inst.uasset" 949
"../../../Engine/Content/EngineSky/VolumetricClouds/m_SimpleVolumetricCloud_Inst.uexp" 950
"../../../Engine/Content/VREditor/LaserPointer/VR_LaserPower_01.ubulk" 951
"../../../Engine/Content/VREditor/LaserPointer/VR_LaserPower_01.uasset" 952
"../../../Engine/Content/VREditor/LaserPointer/VR_LaserPower_01.uexp" 953
"../../../Engine/Content/VREditor/TransformGizmo/TransformGizmoMaterial.uasset" 954
"../../../Engine/Content/VREditor/TransformGizmo/TransformGizmoMaterial.uexp" 955
"../../../Engine/Content/VREditor/TransformGizmo/TranslucentTransformGizmoMaterial.uasset" 956
"../../../Engine/Content/VREditor/TransformGizmo/TranslucentTransformGizmoMaterial.uexp" 957
"../../../Engine/Content/VREditor/TransformGizmo/BoundingBoxCorner.ubulk" 958
"../../../Engine/Content/VREditor/TransformGizmo/BoundingBoxCorner.uasset" 959
"../../../Engine/Content/VREditor/TransformGizmo/BoundingBoxCorner.uexp" 960
"../../../Engine/Content/VREditor/TransformGizmo/BoundingBoxEdge.ubulk" 961
"../../../Engine/Content/VREditor/TransformGizmo/BoundingBoxEdge.uasset" 962
"../../../Engine/Content/VREditor/TransformGizmo/BoundingBoxEdge.uexp" 963
"../../../Engine/Content/VREditor/TransformGizmo/Main.uasset" 964
"../../../Engine/Content/VREditor/TransformGizmo/Main.uexp" 965
"../../../Engine/Content/VREditor/TransformGizmo/Xray.uasset" 966
"../../../Engine/Content/VREditor/TransformGizmo/Xray.uexp" 967
"../../../Engine/Content/VREditor/TransformGizmo/SM_Sequencer_Node.ubulk" 968
"../../../Engine/Content/VREditor/TransformGizmo/SM_Sequencer_Node.uasset" 969
"../../../Engine/Content/VREditor/TransformGizmo/SM_Sequencer_Node.uexp" 970
"../../../Engine/Content/Functions/Engine_MaterialFunctions02/Math/Transform3x3Matrix.uasset" 971
"../../../Engine/Content/Functions/Engine_MaterialFunctions02/Math/Transform3x3Matrix.uexp" 972
"../../../Engine/Plugins/Interchange/Assets/Content/gltf/Textures/T_White_srgb.uasset" 973
"../../../Engine/Plugins/Interchange/Assets/Content/gltf/Textures/T_White_srgb.uexp" 974
"../../../Engine/Plugins/Interchange/Assets/Content/gltf/MaterialFunctions/MF_Specular.uasset" 975
"../../../Engine/Plugins/Interchange/Assets/Content/gltf/MaterialFunctions/MF_Specular.uexp" 976
"../../../Engine/Plugins/Interchange/Assets/Content/gltf/Textures/T_Anisotropy_Direction_Linear.uasset" 977
"../../../Engine/Plugins/Interchange/Assets/Content/gltf/Textures/T_Anisotropy_Direction_Linear.uexp" 978
"../../../Engine/Plugins/Interchange/Assets/Content/gltf/MaterialFunctions/MF_SpecularAnisotropy.uasset" 979
"../../../Engine/Plugins/Interchange/Assets/Content/gltf/MaterialFunctions/MF_SpecularAnisotropy.uexp" 980
"../../../Engine/Plugins/Interchange/Assets/Content/gltf/Textures/T_White_Linear.uasset" 981
"../../../Engine/Plugins/Interchange/Assets/Content/gltf/Textures/T_White_Linear.uexp" 982
"../../../Engine/Plugins/Interchange/Assets/Content/gltf/MaterialFunctions/MF_MetallicRoughness.uasset" 983
"../../../Engine/Plugins/Interchange/Assets/Content/gltf/MaterialFunctions/MF_MetallicRoughness.uexp" 984
"../../../Engine/Plugins/Interchange/Assets/Content/gltf/Textures/T_Generic_N.uasset" 985
"../../../Engine/Plugins/Interchange/Assets/Content/gltf/Textures/T_Generic_N.uexp" 986
"../../../Engine/Plugins/Interchange/Assets/Content/gltf/MaterialFunctions/MF_ScaleNormal.uasset" 987
"../../../Engine/Plugins/Interchange/Assets/Content/gltf/MaterialFunctions/MF_ScaleNormal.uexp" 988
"../../../Engine/Plugins/Interchange/Assets/Content/gltf/MaterialFunctions/MF_BaseColor.uasset" 989
"../../../Engine/Plugins/Interchange/Assets/Content/gltf/MaterialFunctions/MF_BaseColor.uexp" 990
"../../../Engine/Plugins/Interchange/Assets/Content/gltf/MaterialFunctions/MF_Iridescence.uasset" 991
"../../../Engine/Plugins/Interchange/Assets/Content/gltf/MaterialFunctions/MF_Iridescence.uexp" 992
"../../../Engine/Plugins/Interchange/Assets/Content/gltf/MaterialFunctions/MF_Occlusion.uasset" 993
"../../../Engine/Plugins/Interchange/Assets/Content/gltf/MaterialFunctions/MF_Occlusion.uexp" 994
"../../../Engine/Plugins/Interchange/Assets/Content/gltf/MaterialFunctions/MF_IOR.uasset" 995
"../../../Engine/Plugins/Interchange/Assets/Content/gltf/MaterialFunctions/MF_IOR.uexp" 996
"../../../Engine/Plugins/Interchange/Assets/Content/gltf/MaterialFunctions/MF_RotateV2.uasset" 997
"../../../Engine/Plugins/Interchange/Assets/Content/gltf/MaterialFunctions/MF_RotateV2.uexp" 998
"../../../Engine/Plugins/Interchange/Assets/Content/gltf/MaterialFunctions/MF_TransformUVs.uasset" 999
"../../../Engine/Plugins/Interchange/Assets/Content/gltf/MaterialFunctions/MF_TransformUVs.uexp" 1000
"../../../Engine/Plugins/Interchange/Assets/Content/gltf/MaterialFunctions/MF_Emissive.uasset" 1001
"../../../Engine/Plugins/Interchange/Assets/Content/gltf/MaterialFunctions/MF_Emissive.uexp" 1002
"../../../Engine/Plugins/Interchange/Assets/Content/gltf/MaterialFunctions/MF_RotateNormals_TS.uasset" 1003
"../../../Engine/Plugins/Interchange/Assets/Content/gltf/MaterialFunctions/MF_RotateNormals_TS.uexp" 1004
"../../../Engine/Plugins/Interchange/Assets/Content/gltf/MaterialFunctions/MF_Normals.uasset" 1005
"../../../Engine/Plugins/Interchange/Assets/Content/gltf/MaterialFunctions/MF_Normals.uexp" 1006
"../../../Engine/Plugins/Interchange/Assets/Content/gltf/MaterialFunctions/MF_Clearcoat.uasset" 1007
"../../../Engine/Plugins/Interchange/Assets/Content/gltf/MaterialFunctions/MF_Clearcoat.uexp" 1008
"../../../Engine/Plugins/Interchange/Assets/Content/gltf/MaterialBodies/MF_ClearCoat_Body.uasset" 1009
"../../../Engine/Plugins/Interchange/Assets/Content/gltf/MaterialBodies/MF_ClearCoat_Body.uexp" 1010
"../../../Engine/Plugins/Interchange/Assets/Content/gltf/M_ClearCoat.uasset" 1011
"../../../Engine/Plugins/Interchange/Assets/Content/gltf/M_ClearCoat.uexp" 1012
"../../../Engine/Plugins/Interchange/Assets/Content/gltf/MaterialInstances/MI_ClearCoat_Blend.uasset" 1013
"../../../Engine/Plugins/Interchange/Assets/Content/gltf/MaterialInstances/MI_ClearCoat_Blend.uexp" 1014
"../../../Engine/Plugins/Interchange/Assets/Content/gltf/MaterialInstances/MI_ClearCoat_Blend_DS.uasset" 1015
"../../../Engine/Plugins/Interchange/Assets/Content/gltf/MaterialInstances/MI_ClearCoat_Blend_DS.uexp" 1016
"../../../Engine/Plugins/Interchange/Assets/Content/gltf/MaterialInstances/MI_ClearCoat_Mask.uasset" 1017
"../../../Engine/Plugins/Interchange/Assets/Content/gltf/MaterialInstances/MI_ClearCoat_Mask.uexp" 1018
"../../../Engine/Plugins/Interchange/Assets/Content/gltf/MaterialInstances/MI_ClearCoat_Mask_DS.uasset" 1019
"../../../Engine/Plugins/Interchange/Assets/Content/gltf/MaterialInstances/MI_ClearCoat_Mask_DS.uexp" 1020
"../../../Engine/Plugins/Interchange/Assets/Content/gltf/MaterialInstances/MI_ClearCoat_Opaque.uasset" 1021
"../../../Engine/Plugins/Interchange/Assets/Content/gltf/MaterialInstances/MI_ClearCoat_Opaque.uexp" 1022
"../../../Engine/Plugins/Interchange/Assets/Content/gltf/MaterialInstances/MI_ClearCoat_Opaque_DS.uasset" 1023
"../../../Engine/Plugins/Interchange/Assets/Content/gltf/MaterialInstances/MI_ClearCoat_Opaque_DS.uexp" 1024
"../../../Engine/Plugins/Interchange/Assets/Content/gltf/MaterialBodies/MF_Default_Body.uasset" 1025
"../../../Engine/Plugins/Interchange/Assets/Content/gltf/MaterialBodies/MF_Default_Body.uexp" 1026
"../../../Engine/Plugins/Interchange/Assets/Content/gltf/M_Default.uasset" 1027
"../../../Engine/Plugins/Interchange/Assets/Content/gltf/M_Default.uexp" 1028
"../../../Engine/Plugins/Interchange/Assets/Content/gltf/MaterialInstances/MI_Default_Blend.uasset" 1029
"../../../Engine/Plugins/Interchange/Assets/Content/gltf/MaterialInstances/MI_Default_Blend.uexp" 1030
"../../../Engine/Plugins/Interchange/Assets/Content/gltf/MaterialInstances/MI_Default_Blend_DS.uasset" 1031
"../../../Engine/Plugins/Interchange/Assets/Content/gltf/MaterialInstances/MI_Default_Blend_DS.uexp" 1032
"../../../Engine/Plugins/Interchange/Assets/Content/gltf/MaterialInstances/MI_Default_Mask.uasset" 1033
"../../../Engine/Plugins/Interchange/Assets/Content/gltf/MaterialInstances/MI_Default_Mask.uexp" 1034
"../../../Engine/Plugins/Interchange/Assets/Content/gltf/MaterialInstances/MI_Default_Mask_DS.uasset" 1035
"../../../Engine/Plugins/Interchange/Assets/Content/gltf/MaterialInstances/MI_Default_Mask_DS.uexp" 1036
"../../../Engine/Plugins/Interchange/Assets/Content/gltf/MaterialInstances/MI_Default_Opaque.uasset" 1037
"../../../Engine/Plugins/Interchange/Assets/Content/gltf/MaterialInstances/MI_Default_Opaque.uexp" 1038
"../../../Engine/Plugins/Interchange/Assets/Content/gltf/MaterialInstances/MI_Default_Opaque_DS.uasset" 1039
"../../../Engine/Plugins/Interchange/Assets/Content/gltf/MaterialInstances/MI_Default_Opaque_DS.uexp" 1040
"../../../Engine/Plugins/Interchange/Assets/Content/gltf/MaterialFunctions/MF_Sheen.uasset" 1041
"../../../Engine/Plugins/Interchange/Assets/Content/gltf/MaterialFunctions/MF_Sheen.uexp" 1042
"../../../Engine/Plugins/Interchange/Assets/Content/gltf/MaterialBodies/MF_Sheen_Body.uasset" 1043
"../../../Engine/Plugins/Interchange/Assets/Content/gltf/MaterialBodies/MF_Sheen_Body.uexp" 1044
"../../../Engine/Plugins/Interchange/Assets/Content/gltf/M_Sheen.uasset" 1045
"../../../Engine/Plugins/Interchange/Assets/Content/gltf/M_Sheen.uexp" 1046
"../../../Engine/Plugins/Interchange/Assets/Content/gltf/MaterialInstances/MI_Sheen_Blend.uasset" 1047
"../../../Engine/Plugins/Interchange/Assets/Content/gltf/MaterialInstances/MI_Sheen_Blend.uexp" 1048
"../../../Engine/Plugins/Interchange/Assets/Content/gltf/MaterialInstances/MI_Sheen_Blend_DS.uasset" 1049
"../../../Engine/Plugins/Interchange/Assets/Content/gltf/MaterialInstances/MI_Sheen_Blend_DS.uexp" 1050
"../../../Engine/Plugins/Interchange/Assets/Content/gltf/MaterialInstances/MI_Sheen_Mask.uasset" 1051
"../../../Engine/Plugins/Interchange/Assets/Content/gltf/MaterialInstances/MI_Sheen_Mask.uexp" 1052
"../../../Engine/Plugins/Interchange/Assets/Content/gltf/MaterialInstances/MI_Sheen_Mask_DS.uasset" 1053
"../../../Engine/Plugins/Interchange/Assets/Content/gltf/MaterialInstances/MI_Sheen_Mask_DS.uexp" 1054
"../../../Engine/Plugins/Interchange/Assets/Content/gltf/MaterialInstances/MI_Sheen_Opaque.uasset" 1055
"../../../Engine/Plugins/Interchange/Assets/Content/gltf/MaterialInstances/MI_Sheen_Opaque.uexp" 1056
"../../../Engine/Plugins/Interchange/Assets/Content/gltf/MaterialInstances/MI_Sheen_Opaque_DS.uasset" 1057
"../../../Engine/Plugins/Interchange/Assets/Content/gltf/MaterialInstances/MI_Sheen_Opaque_DS.uexp" 1058
"../../../Engine/Content/Functions/Engine_MaterialFunctions02/Math/AddComponents.uasset" 1059
"../../../Engine/Content/Functions/Engine_MaterialFunctions02/Math/AddComponents.uexp" 1060
"../../../Engine/Plugins/Interchange/Assets/Content/gltf/MaterialFunctions/MF_DiffuseSpecGloss.uasset" 1061
"../../../Engine/Plugins/Interchange/Assets/Content/gltf/MaterialFunctions/MF_DiffuseSpecGloss.uexp" 1062
"../../../Engine/Plugins/Interchange/Assets/Content/gltf/MaterialFunctions/MF_PerceivedBrightness.uasset" 1063
"../../../Engine/Plugins/Interchange/Assets/Content/gltf/MaterialFunctions/MF_PerceivedBrightness.uexp" 1064
"../../../Engine/Plugins/Interchange/Assets/Content/gltf/MaterialFunctions/MF_SpecGlossToMetalRoughness.uasset" 1065
"../../../Engine/Plugins/Interchange/Assets/Content/gltf/MaterialFunctions/MF_SpecGlossToMetalRoughness.uexp" 1066
"../../../Engine/Plugins/Interchange/Assets/Content/gltf/MaterialFunctions/MF_MaxComponentValue.uasset" 1067
"../../../Engine/Plugins/Interchange/Assets/Content/gltf/MaterialFunctions/MF_MaxComponentValue.uexp" 1068
"../../../Engine/Plugins/Interchange/Assets/Content/gltf/MaterialBodies/MF_SpecularGlossiness_Body.uasset" 1069
"../../../Engine/Plugins/Interchange/Assets/Content/gltf/MaterialBodies/MF_SpecularGlossiness_Body.uexp" 1070
"../../../Engine/Plugins/Interchange/Assets/Content/gltf/M_SpecularGlossiness.uasset" 1071
"../../../Engine/Plugins/Interchange/Assets/Content/gltf/M_SpecularGlossiness.uexp" 1072
"../../../Engine/Plugins/Interchange/Assets/Content/gltf/MaterialInstances/MI_SpecularGlossiness_Blend.uasset" 1073
"../../../Engine/Plugins/Interchange/Assets/Content/gltf/MaterialInstances/MI_SpecularGlossiness_Blend.uexp" 1074
"../../../Engine/Plugins/Interchange/Assets/Content/gltf/MaterialInstances/MI_SpecularGlossiness_Blend_DS.uasset" 1075
"../../../Engine/Plugins/Interchange/Assets/Content/gltf/MaterialInstances/MI_SpecularGlossiness_Blend_DS.uexp" 1076
"../../../Engine/Plugins/Interchange/Assets/Content/gltf/MaterialInstances/MI_SpecularGlossiness_Mask.uasset" 1077
"../../../Engine/Plugins/Interchange/Assets/Content/gltf/MaterialInstances/MI_SpecularGlossiness_Mask.uexp" 1078
"../../../Engine/Plugins/Interchange/Assets/Content/gltf/MaterialInstances/MI_SpecularGlossiness_Mask_DS.uasset" 1079
"../../../Engine/Plugins/Interchange/Assets/Content/gltf/MaterialInstances/MI_SpecularGlossiness_Mask_DS.uexp" 1080
"../../../Engine/Plugins/Interchange/Assets/Content/gltf/MaterialInstances/MI_SpecularGlossiness_Opaque.uasset" 1081
"../../../Engine/Plugins/Interchange/Assets/Content/gltf/MaterialInstances/MI_SpecularGlossiness_Opaque.uexp" 1082
"../../../Engine/Plugins/Interchange/Assets/Content/gltf/MaterialInstances/MI_SpecularGlossiness_Opaque_DS.uasset" 1083
"../../../Engine/Plugins/Interchange/Assets/Content/gltf/MaterialInstances/MI_SpecularGlossiness_Opaque_DS.uexp" 1084
"../../../Engine/Plugins/Interchange/Assets/Content/gltf/MaterialFunctions/MF_Temporal_Blur.uasset" 1085
"../../../Engine/Plugins/Interchange/Assets/Content/gltf/MaterialFunctions/MF_Temporal_Blur.uexp" 1086
"../../../Engine/Plugins/Interchange/Assets/Content/gltf/MaterialFunctions/MF_Fresnel_DS.uasset" 1087
"../../../Engine/Plugins/Interchange/Assets/Content/gltf/MaterialFunctions/MF_Fresnel_DS.uexp" 1088
"../../../Engine/Plugins/Interchange/Assets/Content/gltf/MaterialFunctions/MF_Transmission.uasset" 1089
"../../../Engine/Plugins/Interchange/Assets/Content/gltf/MaterialFunctions/MF_Transmission.uexp" 1090
"../../../Engine/Plugins/Interchange/Assets/Content/gltf/MaterialBodies/MF_Transmission_Body.uasset" 1091
"../../../Engine/Plugins/Interchange/Assets/Content/gltf/MaterialBodies/MF_Transmission_Body.uexp" 1092
"../../../Engine/Plugins/Interchange/Assets/Content/gltf/M_Transmission.uasset" 1093
"../../../Engine/Plugins/Interchange/Assets/Content/gltf/M_Transmission.uexp" 1094
"../../../Engine/Plugins/Interchange/Assets/Content/gltf/MaterialInstances/MI_Transmission.uasset" 1095
"../../../Engine/Plugins/Interchange/Assets/Content/gltf/MaterialInstances/MI_Transmission.uexp" 1096
"../../../Engine/Plugins/Interchange/Assets/Content/gltf/MaterialInstances/MI_Transmission_DS.uasset" 1097
"../../../Engine/Plugins/Interchange/Assets/Content/gltf/MaterialInstances/MI_Transmission_DS.uexp" 1098
"../../../Engine/Plugins/Interchange/Assets/Content/gltf/MaterialBodies/MF_Unlit_Body.uasset" 1099
"../../../Engine/Plugins/Interchange/Assets/Content/gltf/MaterialBodies/MF_Unlit_Body.uexp" 1100
"../../../Engine/Plugins/Interchange/Assets/Content/gltf/M_Unlit.uasset" 1101
"../../../Engine/Plugins/Interchange/Assets/Content/gltf/M_Unlit.uexp" 1102
"../../../Engine/Plugins/Interchange/Assets/Content/gltf/MaterialInstances/MI_Unlit_Blend.uasset" 1103
"../../../Engine/Plugins/Interchange/Assets/Content/gltf/MaterialInstances/MI_Unlit_Blend.uexp" 1104
"../../../Engine/Plugins/Interchange/Assets/Content/gltf/MaterialInstances/MI_Unlit_Blend_DS.uasset" 1105
"../../../Engine/Plugins/Interchange/Assets/Content/gltf/MaterialInstances/MI_Unlit_Blend_DS.uexp" 1106
"../../../Engine/Plugins/Interchange/Assets/Content/gltf/MaterialInstances/MI_Unlit_Mask.uasset" 1107
"../../../Engine/Plugins/Interchange/Assets/Content/gltf/MaterialInstances/MI_Unlit_Mask.uexp" 1108
"../../../Engine/Plugins/Interchange/Assets/Content/gltf/MaterialInstances/MI_Unlit_Mask_DS.uasset" 1109
"../../../Engine/Plugins/Interchange/Assets/Content/gltf/MaterialInstances/MI_Unlit_Mask_DS.uexp" 1110
"../../../Engine/Plugins/Interchange/Assets/Content/gltf/MaterialInstances/MI_Unlit_Opaque.uasset" 1111
"../../../Engine/Plugins/Interchange/Assets/Content/gltf/MaterialInstances/MI_Unlit_Opaque.uexp" 1112
"../../../Engine/Plugins/Interchange/Assets/Content/gltf/MaterialInstances/MI_Unlit_Opaque_DS.uasset" 1113
"../../../Engine/Plugins/Interchange/Assets/Content/gltf/MaterialInstances/MI_Unlit_Opaque_DS.uexp" 1114
"../../../Engine/Content/EngineMaterials/DefaultMaterial.uasset" 1115
"../../../Engine/Content/EngineMaterials/DefaultMaterial.uexp" 1116
"../../../Engine/Content/BasicShapes/Cone.ubulk" 1117
"../../../Engine/Content/BasicShapes/Cone.uasset" 1118
"../../../Engine/Content/BasicShapes/Cone.uexp" 1119
"../../../Engine/Content/BasicShapes/Cube.ubulk" 1120
"../../../Engine/Content/BasicShapes/Cube.uasset" 1121
"../../../Engine/Content/BasicShapes/Cube.uexp" 1122
"../../../Engine/Content/BasicShapes/Cylinder.ubulk" 1123
"../../../Engine/Content/BasicShapes/Cylinder.uasset" 1124
"../../../Engine/Content/BasicShapes/Cylinder.uexp" 1125
"../../../Engine/Content/BasicShapes/Plane.ubulk" 1126
"../../../Engine/Content/BasicShapes/Plane.uasset" 1127
"../../../Engine/Content/BasicShapes/Plane.uexp" 1128
"../../../Engine/Content/BasicShapes/Sphere.ubulk" 1129
"../../../Engine/Content/BasicShapes/Sphere.uasset" 1130
"../../../Engine/Content/BasicShapes/Sphere.uexp" 1131
"../../../Engine/Content/EditorLandscapeResources/SplineEditorMeshMat.uasset" 1132
"../../../Engine/Content/EditorLandscapeResources/SplineEditorMeshMat.uexp" 1133
"../../../Engine/Content/EditorLandscapeResources/SplineEditorMesh.ubulk" 1134
"../../../Engine/Content/EditorLandscapeResources/SplineEditorMesh.uasset" 1135
"../../../Engine/Content/EditorLandscapeResources/SplineEditorMesh.uexp" 1136
"../../../Engine/Content/EngineMaterials/WeightMapPlaceholderTexture.uasset" 1137
"../../../Engine/Content/EngineMaterials/WeightMapPlaceholderTexture.uexp" 1138
"../../../Engine/Content/EngineMaterials/WeightMapArrayPlaceholderTexture.uasset" 1139
"../../../Engine/Content/EngineMaterials/WeightMapArrayPlaceholderTexture.uexp" 1140
"../../../Engine/Content/EngineResources/WhiteSquareTexture.uasset" 1141
"../../../Engine/Content/EngineResources/WhiteSquareTexture.uexp" 1142
"../../../Engine/Content/EngineMaterials/Widget3DPassThrough.uasset" 1143
"../../../Engine/Content/EngineMaterials/Widget3DPassThrough.uexp" 1144
"../../../Engine/Content/EngineMaterials/Widget3DPassThrough_Masked.uasset" 1145
"../../../Engine/Content/EngineMaterials/Widget3DPassThrough_Masked.uexp" 1146
"../../../Engine/Content/EngineMaterials/Widget3DPassThrough_Opaque.uasset" 1147
"../../../Engine/Content/EngineMaterials/Widget3DPassThrough_Opaque.uexp" 1148
"../../../Engine/Content/EngineMaterials/Widget3DPassThrough_Masked_OneSided.uasset" 1149
"../../../Engine/Content/EngineMaterials/Widget3DPassThrough_Masked_OneSided.uexp" 1150
"../../../Engine/Content/EngineMaterials/Widget3DPassThrough_Opaque_OneSided.uasset" 1151
"../../../Engine/Content/EngineMaterials/Widget3DPassThrough_Opaque_OneSided.uexp" 1152
"../../../Engine/Content/EngineMaterials/Widget3DPassThrough_Translucent.uasset" 1153
"../../../Engine/Content/EngineMaterials/Widget3DPassThrough_Translucent.uexp" 1154
"../../../Engine/Content/EngineMaterials/Widget3DPassThrough_Translucent_OneSided.uasset" 1155
"../../../Engine/Content/EngineMaterials/Widget3DPassThrough_Translucent_OneSided.uexp" 1156
"../../../Engine/Plugins/Animation/ControlRig/Content/Controls/ControlRig_Arrow2_1mm.ubulk" 1157
"../../../Engine/Plugins/Animation/ControlRig/Content/Controls/ControlRig_Arrow2_1mm.uasset" 1158
"../../../Engine/Plugins/Animation/ControlRig/Content/Controls/ControlRig_Arrow2_1mm.uexp" 1159
"../../../Engine/Plugins/Animation/ControlRig/Content/Controls/ControlRig_Arrow2_3mm.ubulk" 1160
"../../../Engine/Plugins/Animation/ControlRig/Content/Controls/ControlRig_Arrow2_3mm.uasset" 1161
"../../../Engine/Plugins/Animation/ControlRig/Content/Controls/ControlRig_Arrow2_3mm.uexp" 1162
"../../../Engine/Plugins/Animation/ControlRig/Content/Controls/ControlRig_Arrow2_solid.ubulk" 1163
"../../../Engine/Plugins/Animation/ControlRig/Content/Controls/ControlRig_Arrow2_solid.uasset" 1164
"../../../Engine/Plugins/Animation/ControlRig/Content/Controls/ControlRig_Arrow2_solid.uexp" 1165
"../../../Engine/Plugins/Animation/ControlRig/Content/Controls/ControlRig_Arrow4_1mm.ubulk" 1166
"../../../Engine/Plugins/Animation/ControlRig/Content/Controls/ControlRig_Arrow4_1mm.uasset" 1167
"../../../Engine/Plugins/Animation/ControlRig/Content/Controls/ControlRig_Arrow4_1mm.uexp" 1168
"../../../Engine/Plugins/Animation/ControlRig/Content/Controls/ControlRig_Arrow4_3mm.ubulk" 1169
"../../../Engine/Plugins/Animation/ControlRig/Content/Controls/ControlRig_Arrow4_3mm.uasset" 1170
"../../../Engine/Plugins/Animation/ControlRig/Content/Controls/ControlRig_Arrow4_3mm.uexp" 1171
"../../../Engine/Plugins/Animation/ControlRig/Content/Controls/ControlRig_Arrow4_solid.ubulk" 1172
"../../../Engine/Plugins/Animation/ControlRig/Content/Controls/ControlRig_Arrow4_solid.uasset" 1173
"../../../Engine/Plugins/Animation/ControlRig/Content/Controls/ControlRig_Arrow4_solid.uexp" 1174
"../../../Engine/Plugins/Animation/ControlRig/Content/Controls/ControlRig_Arrow_1mm.ubulk" 1175
"../../../Engine/Plugins/Animation/ControlRig/Content/Controls/ControlRig_Arrow_1mm.uasset" 1176
"../../../Engine/Plugins/Animation/ControlRig/Content/Controls/ControlRig_Arrow_1mm.uexp" 1177
"../../../Engine/Plugins/Animation/ControlRig/Content/Controls/ControlRig_Arrow_3mm.ubulk" 1178
"../../../Engine/Plugins/Animation/ControlRig/Content/Controls/ControlRig_Arrow_3mm.uasset" 1179
"../../../Engine/Plugins/Animation/ControlRig/Content/Controls/ControlRig_Arrow_3mm.uexp" 1180
"../../../Engine/Plugins/Animation/ControlRig/Content/Controls/ControlRig_Arrow_solid.ubulk" 1181
"../../../Engine/Plugins/Animation/ControlRig/Content/Controls/ControlRig_Arrow_solid.uasset" 1182
"../../../Engine/Plugins/Animation/ControlRig/Content/Controls/ControlRig_Arrow_solid.uexp" 1183
"../../../Engine/Plugins/Animation/ControlRig/Content/Controls/ControlRig_Box_1mm.ubulk" 1184
"../../../Engine/Plugins/Animation/ControlRig/Content/Controls/ControlRig_Box_1mm.uasset" 1185
"../../../Engine/Plugins/Animation/ControlRig/Content/Controls/ControlRig_Box_1mm.uexp" 1186
"../../../Engine/Plugins/Animation/ControlRig/Content/Controls/ControlRig_Box_3mm.ubulk" 1187
"../../../Engine/Plugins/Animation/ControlRig/Content/Controls/ControlRig_Box_3mm.uasset" 1188
"../../../Engine/Plugins/Animation/ControlRig/Content/Controls/ControlRig_Box_3mm.uexp" 1189
"../../../Engine/Plugins/Animation/ControlRig/Content/Controls/ControlRig_Box_solid.ubulk" 1190
"../../../Engine/Plugins/Animation/ControlRig/Content/Controls/ControlRig_Box_solid.uasset" 1191
"../../../Engine/Plugins/Animation/ControlRig/Content/Controls/ControlRig_Box_solid.uexp" 1192
"../../../Engine/Plugins/Animation/ControlRig/Content/Controls/ControlRig_Circle_1mm.ubulk" 1193
"../../../Engine/Plugins/Animation/ControlRig/Content/Controls/ControlRig_Circle_1mm.uasset" 1194
"../../../Engine/Plugins/Animation/ControlRig/Content/Controls/ControlRig_Circle_1mm.uexp" 1195
"../../../Engine/Plugins/Animation/ControlRig/Content/Controls/ControlRig_Circle_3mm.ubulk" 1196
"../../../Engine/Plugins/Animation/ControlRig/Content/Controls/ControlRig_Circle_3mm.uasset" 1197
"../../../Engine/Plugins/Animation/ControlRig/Content/Controls/ControlRig_Circle_3mm.uexp" 1198
"../../../Engine/Plugins/Animation/ControlRig/Content/Controls/ControlRig_Circle_solid.ubulk" 1199
"../../../Engine/Plugins/Animation/ControlRig/Content/Controls/ControlRig_Circle_solid.uasset" 1200
"../../../Engine/Plugins/Animation/ControlRig/Content/Controls/ControlRig_Circle_solid.uexp" 1201
"../../../Engine/Plugins/Animation/ControlRig/Content/Controls/ControlRig_Diamond_1mm.ubulk" 1202
"../../../Engine/Plugins/Animation/ControlRig/Content/Controls/ControlRig_Diamond_1mm.uasset" 1203
"../../../Engine/Plugins/Animation/ControlRig/Content/Controls/ControlRig_Diamond_1mm.uexp" 1204
"../../../Engine/Plugins/Animation/ControlRig/Content/Controls/ControlRig_Diamond_3mm.ubulk" 1205
"../../../Engine/Plugins/Animation/ControlRig/Content/Controls/ControlRig_Diamond_3mm.uasset" 1206
"../../../Engine/Plugins/Animation/ControlRig/Content/Controls/ControlRig_Diamond_3mm.uexp" 1207
"../../../Engine/Plugins/Animation/ControlRig/Content/Controls/ControlRig_Diamond_solid.ubulk" 1208
"../../../Engine/Plugins/Animation/ControlRig/Content/Controls/ControlRig_Diamond_solid.uasset" 1209
"../../../Engine/Plugins/Animation/ControlRig/Content/Controls/ControlRig_Diamond_solid.uexp" 1210
"../../../Engine/Plugins/Animation/ControlRig/Content/Controls/ControlRig_HalfCircle_1mm.ubulk" 1211
"../../../Engine/Plugins/Animation/ControlRig/Content/Controls/ControlRig_HalfCircle_1mm.uasset" 1212
"../../../Engine/Plugins/Animation/ControlRig/Content/Controls/ControlRig_HalfCircle_1mm.uexp" 1213
"../../../Engine/Plugins/Animation/ControlRig/Content/Controls/ControlRig_HalfCircle_3mm.ubulk" 1214
"../../../Engine/Plugins/Animation/ControlRig/Content/Controls/ControlRig_HalfCircle_3mm.uasset" 1215
"../../../Engine/Plugins/Animation/ControlRig/Content/Controls/ControlRig_HalfCircle_3mm.uexp" 1216
"../../../Engine/Plugins/Animation/ControlRig/Content/Controls/ControlRig_HalfCircle_solid.ubulk" 1217
"../../../Engine/Plugins/Animation/ControlRig/Content/Controls/ControlRig_HalfCircle_solid.uasset" 1218
"../../../Engine/Plugins/Animation/ControlRig/Content/Controls/ControlRig_HalfCircle_solid.uexp" 1219
"../../../Engine/Plugins/Animation/ControlRig/Content/Controls/ControlRig_Hexagon_1mm.ubulk" 1220
"../../../Engine/Plugins/Animation/ControlRig/Content/Controls/ControlRig_Hexagon_1mm.uasset" 1221
"../../../Engine/Plugins/Animation/ControlRig/Content/Controls/ControlRig_Hexagon_1mm.uexp" 1222
"../../../Engine/Plugins/Animation/ControlRig/Content/Controls/ControlRig_Hexagon_3mm.ubulk" 1223
"../../../Engine/Plugins/Animation/ControlRig/Content/Controls/ControlRig_Hexagon_3mm.uasset" 1224
"../../../Engine/Plugins/Animation/ControlRig/Content/Controls/ControlRig_Hexagon_3mm.uexp" 1225
"../../../Engine/Plugins/Animation/ControlRig/Content/Controls/ControlRig_Hexagon_solid.ubulk" 1226
"../../../Engine/Plugins/Animation/ControlRig/Content/Controls/ControlRig_Hexagon_solid.uasset" 1227
"../../../Engine/Plugins/Animation/ControlRig/Content/Controls/ControlRig_Hexagon_solid.uexp" 1228
"../../../Engine/Plugins/Animation/ControlRig/Content/Controls/ControlRig_Octagon_1mm.ubulk" 1229
"../../../Engine/Plugins/Animation/ControlRig/Content/Controls/ControlRig_Octagon_1mm.uasset" 1230
"../../../Engine/Plugins/Animation/ControlRig/Content/Controls/ControlRig_Octagon_1mm.uexp" 1231
"../../../Engine/Plugins/Animation/ControlRig/Content/Controls/ControlRig_Octagon_3mm.ubulk" 1232
"../../../Engine/Plugins/Animation/ControlRig/Content/Controls/ControlRig_Octagon_3mm.uasset" 1233
"../../../Engine/Plugins/Animation/ControlRig/Content/Controls/ControlRig_Octagon_3mm.uexp" 1234
"../../../Engine/Plugins/Animation/ControlRig/Content/Controls/ControlRig_Octagon_solid.ubulk" 1235
"../../../Engine/Plugins/Animation/ControlRig/Content/Controls/ControlRig_Octagon_solid.uasset" 1236
"../../../Engine/Plugins/Animation/ControlRig/Content/Controls/ControlRig_Octagon_solid.uexp" 1237
"../../../Engine/Plugins/Animation/ControlRig/Content/Controls/ControlRig_Pyramid_1mm.ubulk" 1238
"../../../Engine/Plugins/Animation/ControlRig/Content/Controls/ControlRig_Pyramid_1mm.uasset" 1239
"../../../Engine/Plugins/Animation/ControlRig/Content/Controls/ControlRig_Pyramid_1mm.uexp" 1240
"../../../Engine/Plugins/Animation/ControlRig/Content/Controls/ControlRig_Pyramid_3mm.ubulk" 1241
"../../../Engine/Plugins/Animation/ControlRig/Content/Controls/ControlRig_Pyramid_3mm.uasset" 1242
"../../../Engine/Plugins/Animation/ControlRig/Content/Controls/ControlRig_Pyramid_3mm.uexp" 1243
"../../../Engine/Plugins/Animation/ControlRig/Content/Controls/ControlRig_Pyramid_solid.ubulk" 1244
"../../../Engine/Plugins/Animation/ControlRig/Content/Controls/ControlRig_Pyramid_solid.uasset" 1245
"../../../Engine/Plugins/Animation/ControlRig/Content/Controls/ControlRig_Pyramid_solid.uexp" 1246
"../../../Engine/Plugins/Animation/ControlRig/Content/Controls/ControlRig_QuarterCircle_1mm.ubulk" 1247
"../../../Engine/Plugins/Animation/ControlRig/Content/Controls/ControlRig_QuarterCircle_1mm.uasset" 1248
"../../../Engine/Plugins/Animation/ControlRig/Content/Controls/ControlRig_QuarterCircle_1mm.uexp" 1249
"../../../Engine/Plugins/Animation/ControlRig/Content/Controls/ControlRig_QuarterCircle_3mm.ubulk" 1250
"../../../Engine/Plugins/Animation/ControlRig/Content/Controls/ControlRig_QuarterCircle_3mm.uasset" 1251
"../../../Engine/Plugins/Animation/ControlRig/Content/Controls/ControlRig_QuarterCircle_3mm.uexp" 1252
"../../../Engine/Plugins/Animation/ControlRig/Content/Controls/ControlRig_QuarterCircle_solid.ubulk" 1253
"../../../Engine/Plugins/Animation/ControlRig/Content/Controls/ControlRig_QuarterCircle_solid.uasset" 1254
"../../../Engine/Plugins/Animation/ControlRig/Content/Controls/ControlRig_QuarterCircle_solid.uexp" 1255
"../../../Engine/Plugins/Animation/ControlRig/Content/Controls/ControlRig_RoundedSquare_1mm.ubulk" 1256
"../../../Engine/Plugins/Animation/ControlRig/Content/Controls/ControlRig_RoundedSquare_1mm.uasset" 1257
"../../../Engine/Plugins/Animation/ControlRig/Content/Controls/ControlRig_RoundedSquare_1mm.uexp" 1258
"../../../Engine/Plugins/Animation/ControlRig/Content/Controls/ControlRig_RoundedSquare_3mm.ubulk" 1259
"../../../Engine/Plugins/Animation/ControlRig/Content/Controls/ControlRig_RoundedSquare_3mm.uasset" 1260
"../../../Engine/Plugins/Animation/ControlRig/Content/Controls/ControlRig_RoundedSquare_3mm.uexp" 1261
"../../../Engine/Plugins/Animation/ControlRig/Content/Controls/ControlRig_RoundedSquare_solid.ubulk" 1262
"../../../Engine/Plugins/Animation/ControlRig/Content/Controls/ControlRig_RoundedSquare_solid.uasset" 1263
"../../../Engine/Plugins/Animation/ControlRig/Content/Controls/ControlRig_RoundedSquare_solid.uexp" 1264
"../../../Engine/Plugins/Animation/ControlRig/Content/Controls/ControlRig_RoundedTriangle_1mm.ubulk" 1265
"../../../Engine/Plugins/Animation/ControlRig/Content/Controls/ControlRig_RoundedTriangle_1mm.uasset" 1266
"../../../Engine/Plugins/Animation/ControlRig/Content/Controls/ControlRig_RoundedTriangle_1mm.uexp" 1267
"../../../Engine/Plugins/Animation/ControlRig/Content/Controls/ControlRig_RoundedTriangle_3mm.ubulk" 1268
"../../../Engine/Plugins/Animation/ControlRig/Content/Controls/ControlRig_RoundedTriangle_3mm.uasset" 1269
"../../../Engine/Plugins/Animation/ControlRig/Content/Controls/ControlRig_RoundedTriangle_3mm.uexp" 1270
"../../../Engine/Plugins/Animation/ControlRig/Content/Controls/ControlRig_RoundedTriangle_solid.ubulk" 1271
"../../../Engine/Plugins/Animation/ControlRig/Content/Controls/ControlRig_RoundedTriangle_solid.uasset" 1272
"../../../Engine/Plugins/Animation/ControlRig/Content/Controls/ControlRig_RoundedTriangle_solid.uexp" 1273
"../../../Engine/Plugins/Animation/ControlRig/Content/Controls/ControlRig_Sphere_1mm.ubulk" 1274
"../../../Engine/Plugins/Animation/ControlRig/Content/Controls/ControlRig_Sphere_1mm.uasset" 1275
"../../../Engine/Plugins/Animation/ControlRig/Content/Controls/ControlRig_Sphere_1mm.uexp" 1276
"../../../Engine/Plugins/Animation/ControlRig/Content/Controls/ControlRig_Sphere_3mm.ubulk" 1277
"../../../Engine/Plugins/Animation/ControlRig/Content/Controls/ControlRig_Sphere_3mm.uasset" 1278
"../../../Engine/Plugins/Animation/ControlRig/Content/Controls/ControlRig_Sphere_3mm.uexp" 1279
"../../../Engine/Plugins/Animation/ControlRig/Content/Controls/ControlRig_Sphere_solid.ubulk" 1280
"../../../Engine/Plugins/Animation/ControlRig/Content/Controls/ControlRig_Sphere_solid.uasset" 1281
"../../../Engine/Plugins/Animation/ControlRig/Content/Controls/ControlRig_Sphere_solid.uexp" 1282
"../../../Engine/Plugins/Animation/ControlRig/Content/Controls/ControlRig_Square_1mm.ubulk" 1283
"../../../Engine/Plugins/Animation/ControlRig/Content/Controls/ControlRig_Square_1mm.uasset" 1284
"../../../Engine/Plugins/Animation/ControlRig/Content/Controls/ControlRig_Square_1mm.uexp" 1285
"../../../Engine/Plugins/Animation/ControlRig/Content/Controls/ControlRig_Square_3mm.ubulk" 1286
"../../../Engine/Plugins/Animation/ControlRig/Content/Controls/ControlRig_Square_3mm.uasset" 1287
"../../../Engine/Plugins/Animation/ControlRig/Content/Controls/ControlRig_Square_3mm.uexp" 1288
"../../../Engine/Plugins/Animation/ControlRig/Content/Controls/ControlRig_Square_solid.ubulk" 1289
"../../../Engine/Plugins/Animation/ControlRig/Content/Controls/ControlRig_Square_solid.uasset" 1290
"../../../Engine/Plugins/Animation/ControlRig/Content/Controls/ControlRig_Square_solid.uexp" 1291
"../../../Engine/Plugins/Animation/ControlRig/Content/Controls/ControlRig_Star4_1mm.ubulk" 1292
"../../../Engine/Plugins/Animation/ControlRig/Content/Controls/ControlRig_Star4_1mm.uasset" 1293
"../../../Engine/Plugins/Animation/ControlRig/Content/Controls/ControlRig_Star4_1mm.uexp" 1294
"../../../Engine/Plugins/Animation/ControlRig/Content/Controls/ControlRig_Star4_3mm.ubulk" 1295
"../../../Engine/Plugins/Animation/ControlRig/Content/Controls/ControlRig_Star4_3mm.uasset" 1296
"../../../Engine/Plugins/Animation/ControlRig/Content/Controls/ControlRig_Star4_3mm.uexp" 1297
"../../../Engine/Plugins/Animation/ControlRig/Content/Controls/ControlRig_Star4_solid.ubulk" 1298
"../../../Engine/Plugins/Animation/ControlRig/Content/Controls/ControlRig_Star4_solid.uasset" 1299
"../../../Engine/Plugins/Animation/ControlRig/Content/Controls/ControlRig_Star4_solid.uexp" 1300
"../../../Engine/Plugins/Animation/ControlRig/Content/Controls/ControlRig_Triangle_1mm.ubulk" 1301
"../../../Engine/Plugins/Animation/ControlRig/Content/Controls/ControlRig_Triangle_1mm.uasset" 1302
"../../../Engine/Plugins/Animation/ControlRig/Content/Controls/ControlRig_Triangle_1mm.uexp" 1303
"../../../Engine/Plugins/Animation/ControlRig/Content/Controls/ControlRig_Triangle_3mm.ubulk" 1304
"../../../Engine/Plugins/Animation/ControlRig/Content/Controls/ControlRig_Triangle_3mm.uasset" 1305
"../../../Engine/Plugins/Animation/ControlRig/Content/Controls/ControlRig_Triangle_3mm.uexp" 1306
"../../../Engine/Plugins/Animation/ControlRig/Content/Controls/ControlRig_Triangle_solid.ubulk" 1307
"../../../Engine/Plugins/Animation/ControlRig/Content/Controls/ControlRig_Triangle_solid.uasset" 1308
"../../../Engine/Plugins/Animation/ControlRig/Content/Controls/ControlRig_Triangle_solid.uexp" 1309
"../../../Engine/Plugins/Animation/ControlRig/Content/Controls/ControlRig_Wedge_1mm.ubulk" 1310
"../../../Engine/Plugins/Animation/ControlRig/Content/Controls/ControlRig_Wedge_1mm.uasset" 1311
"../../../Engine/Plugins/Animation/ControlRig/Content/Controls/ControlRig_Wedge_1mm.uexp" 1312
"../../../Engine/Plugins/Animation/ControlRig/Content/Controls/ControlRig_Wedge_3mm.ubulk" 1313
"../../../Engine/Plugins/Animation/ControlRig/Content/Controls/ControlRig_Wedge_3mm.uasset" 1314
"../../../Engine/Plugins/Animation/ControlRig/Content/Controls/ControlRig_Wedge_3mm.uexp" 1315
"../../../Engine/Plugins/Animation/ControlRig/Content/Controls/ControlRig_Wedge_solid.ubulk" 1316
"../../../Engine/Plugins/Animation/ControlRig/Content/Controls/ControlRig_Wedge_solid.uasset" 1317
"../../../Engine/Plugins/Animation/ControlRig/Content/Controls/ControlRig_Wedge_solid.uexp" 1318
"../../../Engine/Content/Functions/Engine_MaterialFunctions02/Texturing/CustomRotator.uasset" 1319
"../../../Engine/Content/Functions/Engine_MaterialFunctions02/Texturing/CustomRotator.uexp" 1320
"../../../Engine/Content/Functions/Engine_MaterialFunctions01/Gradient/GeneratedRoundRect.uasset" 1321
"../../../Engine/Content/Functions/Engine_MaterialFunctions01/Gradient/GeneratedRoundRect.uexp" 1322
"../../../Engine/Content/Functions/Engine_MaterialFunctions01/Gradient/SphereGradient-2D.uasset" 1323
"../../../Engine/Content/Functions/Engine_MaterialFunctions01/Gradient/SphereGradient-2D.uexp" 1324
"../../../Engine/Plugins/Runtime/AudioWidgets/Content/AudioMaterialSlate/Functions/MF_DotOutlined.uasset" 1325
"../../../Engine/Plugins/Runtime/AudioWidgets/Content/AudioMaterialSlate/Functions/MF_DotOutlined.uexp" 1326
"../../../Engine/Plugins/Runtime/AudioWidgets/Content/AudioMaterialSlate/M_AudioMaterialEnvelope_ADSR.uasset" 1327
"../../../Engine/Plugins/Runtime/AudioWidgets/Content/AudioMaterialSlate/M_AudioMaterialEnvelope_ADSR.uexp" 1328
"../../../Engine/Plugins/Runtime/AudioWidgets/Content/AudioMaterialSlate/MI_AudioMaterialEnvelope_ADSR.uasset" 1329
"../../../Engine/Plugins/Runtime/AudioWidgets/Content/AudioMaterialSlate/MI_AudioMaterialEnvelope_ADSR.uexp" 1330
"../../../Engine/Plugins/Runtime/AudioWidgets/Content/AudioMaterialSlate/Functions/MF_SingleLine_Smooth.uasset" 1331
"../../../Engine/Plugins/Runtime/AudioWidgets/Content/AudioMaterialSlate/Functions/MF_SingleLine_Smooth.uexp" 1332
"../../../Engine/Plugins/Runtime/AudioWidgets/Content/AudioMaterialSlate/Functions/MF_AngleGradient.uasset" 1333
"../../../Engine/Plugins/Runtime/AudioWidgets/Content/AudioMaterialSlate/Functions/MF_AngleGradient.uexp" 1334
"../../../Engine/Content/Functions/Engine_MaterialFunctions02/Lerp_3Color.uasset" 1335
"../../../Engine/Content/Functions/Engine_MaterialFunctions02/Lerp_3Color.uexp" 1336
"../../../Engine/Plugins/Runtime/AudioWidgets/Content/AudioMaterialSlate/M_AudioMaterialKnob.uasset" 1337
"../../../Engine/Plugins/Runtime/AudioWidgets/Content/AudioMaterialSlate/M_AudioMaterialKnob.uexp" 1338
"../../../Engine/Plugins/Runtime/AudioWidgets/Content/AudioMaterialSlate/MI_AudioMaterialKnob.uasset" 1339
"../../../Engine/Plugins/Runtime/AudioWidgets/Content/AudioMaterialSlate/MI_AudioMaterialKnob.uexp" 1340
"../../../Engine/Plugins/Runtime/AudioWidgets/Content/AudioMaterialSlate/Functions/MF_Lines.uasset" 1341
"../../../Engine/Plugins/Runtime/AudioWidgets/Content/AudioMaterialSlate/Functions/MF_Lines.uexp" 1342
"../../../Engine/Plugins/Runtime/AudioWidgets/Content/AudioMaterialSlate/M_AudioMaterialMeter.uasset" 1343
"../../../Engine/Plugins/Runtime/AudioWidgets/Content/AudioMaterialSlate/M_AudioMaterialMeter.uexp" 1344
"../../../Engine/Plugins/Runtime/AudioWidgets/Content/AudioMaterialSlate/MI_AudioMaterialMeter.uasset" 1345
"../../../Engine/Plugins/Runtime/AudioWidgets/Content/AudioMaterialSlate/MI_AudioMaterialMeter.uexp" 1346
"../../../Engine/Plugins/Runtime/AudioWidgets/Content/AudioMaterialSlate/M_AudioMaterialRoundedSlider.uasset" 1347
"../../../Engine/Plugins/Runtime/AudioWidgets/Content/AudioMaterialSlate/M_AudioMaterialRoundedSlider.uexp" 1348
"../../../Engine/Plugins/Runtime/AudioWidgets/Content/AudioMaterialSlate/MI_AudioMaterialRoundedSlider.uasset" 1349
"../../../Engine/Plugins/Runtime/AudioWidgets/Content/AudioMaterialSlate/MI_AudioMaterialRoundedSlider.uexp" 1350
"../../../Engine/Plugins/Runtime/AudioWidgets/Content/AudioMaterialSlate/Functions/MF_SingleLine.uasset" 1351
"../../../Engine/Plugins/Runtime/AudioWidgets/Content/AudioMaterialSlate/Functions/MF_SingleLine.uexp" 1352
"../../../Engine/Plugins/Runtime/AudioWidgets/Content/AudioMaterialSlate/M_AudioMaterialToggleButton.uasset" 1353
"../../../Engine/Plugins/Runtime/AudioWidgets/Content/AudioMaterialSlate/M_AudioMaterialToggleButton.uexp" 1354
"../../../Engine/Plugins/Runtime/AudioWidgets/Content/AudioMaterialSlate/MI_AudioMaterialToggleButton.uasset" 1355
"../../../Engine/Plugins/Runtime/AudioWidgets/Content/AudioMaterialSlate/MI_AudioMaterialToggleButton.uexp" 1356
"../../../Engine/Plugins/2D/Paper2D/Content/DefaultSpriteMaterial.uasset" 1357
"../../../Engine/Plugins/2D/Paper2D/Content/DefaultSpriteMaterial.uexp" 1358
"../../../Engine/Plugins/2D/Paper2D/Content/MaskedUnlitSpriteMaterial.uasset" 1359
"../../../Engine/Plugins/2D/Paper2D/Content/MaskedUnlitSpriteMaterial.uexp" 1360
"../../../Engine/Plugins/2D/Paper2D/Content/OpaqueUnlitSpriteMaterial.uasset" 1361
"../../../Engine/Plugins/2D/Paper2D/Content/OpaqueUnlitSpriteMaterial.uexp" 1362
"../../../Engine/Plugins/Media/MediaPlate/Content/SM_MediaPlateScreen.ubulk" 1363
"../../../Engine/Plugins/Media/MediaPlate/Content/SM_MediaPlateScreen.uasset" 1364
"../../../Engine/Plugins/Media/MediaPlate/Content/SM_MediaPlateScreen.uexp" 1365
"../../../Engine/Plugins/NNE/NNEDenoiser/Content/NNEDIM_ColorAlbedoNormal_Alpha.uasset" 1366
"../../../Engine/Plugins/NNE/NNEDenoiser/Content/NNEDIM_ColorAlbedoNormal_Alpha.uexp" 1367
"../../../Engine/Plugins/NNE/NNEDenoiser/Content/NNEDIM_ColorAlbedoNormal_Default.uasset" 1368
"../../../Engine/Plugins/NNE/NNEDenoiser/Content/NNEDIM_ColorAlbedoNormal_Default.uexp" 1369
"../../../Engine/Plugins/NNE/NNEDenoiser/Content/NNEDIM_HighQuality_Alpha.uasset" 1370
"../../../Engine/Plugins/NNE/NNEDenoiser/Content/NNEDIM_HighQuality_Alpha.uexp" 1371
"../../../Engine/Plugins/NNE/NNEDenoiser/Content/NNEDIM_HighQuality_Default.uasset" 1372
"../../../Engine/Plugins/NNE/NNEDenoiser/Content/NNEDIM_HighQuality_Default.uexp" 1373
"../../../Engine/Plugins/NNE/NNEDenoiser/Content/NNEDOM_Output_Alpha.uasset" 1374
"../../../Engine/Plugins/NNE/NNEDenoiser/Content/NNEDOM_Output_Alpha.uexp" 1375
"../../../Engine/Plugins/NNE/NNEDenoiser/Content/NNEDOM_Output_Default.uasset" 1376
"../../../Engine/Plugins/NNE/NNEDenoiser/Content/NNEDOM_Output_Default.uexp" 1377
"../../../Engine/Plugins/NNE/NNEDenoiser/Content/NNEDTIM_ColorAlbedoNormal_Alpha.uasset" 1378
"../../../Engine/Plugins/NNE/NNEDenoiser/Content/NNEDTIM_ColorAlbedoNormal_Alpha.uexp" 1379
"../../../Engine/Plugins/NNE/NNEDenoiser/Content/NNEDTIM_ColorAlbedoNormal_Default.uasset" 1380
"../../../Engine/Plugins/NNE/NNEDenoiser/Content/NNEDTIM_ColorAlbedoNormal_Default.uexp" 1381
"../../../Engine/Plugins/NNE/NNEDenoiser/Content/NNEDTOM_Output_Alpha.uasset" 1382
"../../../Engine/Plugins/NNE/NNEDenoiser/Content/NNEDTOM_Output_Alpha.uexp" 1383
"../../../Engine/Plugins/NNE/NNEDenoiser/Content/NNEDTOM_Output_Default.uasset" 1384
"../../../Engine/Plugins/NNE/NNEDenoiser/Content/NNEDTOM_Output_Default.uexp" 1385
"C:/Users/tonya/Desktop/Git/GameFeelUnreal/RTS/Content/LowPoly_Castle/Castle_Textures/T_Mashal_Base.ubulk" 1386
"C:/Users/tonya/Desktop/Git/GameFeelUnreal/RTS/Content/LowPoly_Castle/Castle_Textures/T_Mashal_Base.uasset" 1387
"C:/Users/tonya/Desktop/Git/GameFeelUnreal/RTS/Content/LowPoly_Castle/Castle_Textures/T_Mashal_Base.uexp" 1388
"C:/Users/tonya/Desktop/Git/GameFeelUnreal/RTS/Content/TopDown/Props/MI_Land.uasset" 1389
"C:/Users/tonya/Desktop/Git/GameFeelUnreal/RTS/Content/TopDown/Props/MI_Land.uexp" 1390
"C:/Users/tonya/Desktop/Git/GameFeelUnreal/RTS/Content/LevelPrototyping/Textures/T_GridChecker_A.ubulk" 1391
"C:/Users/tonya/Desktop/Git/GameFeelUnreal/RTS/Content/LevelPrototyping/Textures/T_GridChecker_A.uasset" 1392
"C:/Users/tonya/Desktop/Git/GameFeelUnreal/RTS/Content/LevelPrototyping/Textures/T_GridChecker_A.uexp" 1393
"../../../Engine/Content/Functions/Engine_MaterialFunctions01/ImageAdjustment/CheapContrast.uasset" 1394
"../../../Engine/Content/Functions/Engine_MaterialFunctions01/ImageAdjustment/CheapContrast.uexp" 1395
"C:/Users/tonya/Desktop/Git/GameFeelUnreal/RTS/Content/LevelPrototyping/Materials/MF_ProcGrid.uasset" 1396
"C:/Users/tonya/Desktop/Git/GameFeelUnreal/RTS/Content/LevelPrototyping/Materials/MF_ProcGrid.uexp" 1397
"C:/Users/tonya/Desktop/Git/GameFeelUnreal/RTS/Content/LevelPrototyping/Materials/M_PrototypeGrid.uasset" 1398
"C:/Users/tonya/Desktop/Git/GameFeelUnreal/RTS/Content/LevelPrototyping/Materials/M_PrototypeGrid.uexp" 1399
"C:/Users/tonya/Desktop/Git/GameFeelUnreal/RTS/Content/LevelPrototyping/Materials/MI_PrototypeGrid_Gray.uasset" 1400
"C:/Users/tonya/Desktop/Git/GameFeelUnreal/RTS/Content/LevelPrototyping/Materials/MI_PrototypeGrid_Gray.uexp" 1401
"C:/Users/tonya/Desktop/Git/GameFeelUnreal/RTS/Content/LevelPrototyping/Meshes/SM_QuarterCylinder.ubulk" 1402
"C:/Users/tonya/Desktop/Git/GameFeelUnreal/RTS/Content/LevelPrototyping/Meshes/SM_QuarterCylinder.uasset" 1403
"C:/Users/tonya/Desktop/Git/GameFeelUnreal/RTS/Content/LevelPrototyping/Meshes/SM_QuarterCylinder.uexp" 1404
"C:/Users/tonya/Desktop/Git/GameFeelUnreal/RTS/Content/LevelPrototyping/Meshes/SM_Cube.ubulk" 1405
"C:/Users/tonya/Desktop/Git/GameFeelUnreal/RTS/Content/LevelPrototyping/Meshes/SM_Cube.uasset" 1406
"C:/Users/tonya/Desktop/Git/GameFeelUnreal/RTS/Content/LevelPrototyping/Meshes/SM_Cube.uexp" 1407
"C:/Users/tonya/Desktop/Git/GameFeelUnreal/RTS/Content/LevelPrototyping/Meshes/SM_Ramp.ubulk" 1408
"C:/Users/tonya/Desktop/Git/GameFeelUnreal/RTS/Content/LevelPrototyping/Meshes/SM_Ramp.uasset" 1409
"C:/Users/tonya/Desktop/Git/GameFeelUnreal/RTS/Content/LevelPrototyping/Meshes/SM_Ramp.uexp" 1410
"../../../Engine/Content/EngineSky/T_Sky_Stars.ubulk" 1411
"../../../Engine/Content/EngineSky/T_Sky_Stars.uasset" 1412
"../../../Engine/Content/EngineSky/T_Sky_Stars.uexp" 1413
"../../../Engine/Content/EngineSky/T_Sky_Clouds_M.ubulk" 1414
"../../../Engine/Content/EngineSky/T_Sky_Clouds_M.uasset" 1415
"../../../Engine/Content/EngineSky/T_Sky_Clouds_M.uexp" 1416
"../../../Engine/Content/EngineSky/T_Sky_Blue.ubulk" 1417
"../../../Engine/Content/EngineSky/T_Sky_Blue.uasset" 1418
"../../../Engine/Content/EngineSky/T_Sky_Blue.uexp" 1419
"../../../Engine/Content/EngineSky/M_Sky_Panning_Clouds2.uasset" 1420
"../../../Engine/Content/EngineSky/M_Sky_Panning_Clouds2.uexp" 1421
"../../../Engine/Content/EngineSky/SM_SkySphere.ubulk" 1422
"../../../Engine/Content/EngineSky/SM_SkySphere.uasset" 1423
"../../../Engine/Content/EngineSky/SM_SkySphere.uexp" 1424
"../../../Engine/Content/EngineSky/M_SimpleSkyDome.uasset" 1425
"../../../Engine/Content/EngineSky/M_SimpleSkyDome.uexp" 1426
"../../../Engine/Content/EngineResources/LandscapeVisibilityLayerInfo.uasset" 1427
"../../../Engine/Content/EngineResources/LandscapeVisibilityLayerInfo.uexp" 1428
"../../../Engine/Content/VREditor/TransformGizmo/StartRotationHandleIndicator.ubulk" 1429
"../../../Engine/Content/VREditor/TransformGizmo/StartRotationHandleIndicator.uasset" 1430
"../../../Engine/Content/VREditor/TransformGizmo/StartRotationHandleIndicator.uexp" 1431
"../../../Engine/Content/VREditor/Sounds/UI/Drop_Item_From_ContentBrowser.ubulk" 1432
"../../../Engine/Content/VREditor/Sounds/UI/Drop_Item_From_ContentBrowser.uasset" 1433
"../../../Engine/Content/VREditor/Sounds/UI/Drop_Item_From_ContentBrowser.uexp" 1434
"../../../Engine/Content/VREditor/TransformGizmo/PlaneTranslationHandle.ubulk" 1435
"../../../Engine/Content/VREditor/TransformGizmo/PlaneTranslationHandle.uasset" 1436
"../../../Engine/Content/VREditor/TransformGizmo/PlaneTranslationHandle.uexp" 1437
"../../../Engine/Content/VREditor/Sounds/UI/Object_Snaps_To_Grid.ubulk" 1438
"../../../Engine/Content/VREditor/Sounds/UI/Object_Snaps_To_Grid.uasset" 1439
"../../../Engine/Content/VREditor/Sounds/UI/Object_Snaps_To_Grid.uexp" 1440
"../../../Engine/Content/VREditor/Sounds/UI/Selection_Changes.ubulk" 1441
"../../../Engine/Content/VREditor/Sounds/UI/Selection_Changes.uasset" 1442
"../../../Engine/Content/VREditor/Sounds/UI/Selection_Changes.uexp" 1443
"../../../Engine/Content/VREditor/Sounds/UI/Object_Snaps_To_Another_Actor.ubulk" 1444
"../../../Engine/Content/VREditor/Sounds/UI/Object_Snaps_To_Another_Actor.uasset" 1445
"../../../Engine/Content/VREditor/Sounds/UI/Object_Snaps_To_Another_Actor.uexp" 1446
"../../../Engine/Content/VREditor/TransformGizmo/TranslucentTransformGizmoMaterial_Inst.uasset" 1447
"../../../Engine/Content/VREditor/TransformGizmo/TranslucentTransformGizmoMaterial_Inst.uexp" 1448
"../../../Engine/Content/VREditor/TransformGizmo/TransformGizmoFreeRotation.ubulk" 1449
"../../../Engine/Content/VREditor/TransformGizmo/TransformGizmoFreeRotation.uasset" 1450
"../../../Engine/Content/VREditor/TransformGizmo/TransformGizmoFreeRotation.uexp" 1451
"../../../Engine/Content/VREditor/Sounds/UI/Scaling_Down.ubulk" 1452
"../../../Engine/Content/VREditor/Sounds/UI/Scaling_Down.uasset" 1453
"../../../Engine/Content/VREditor/Sounds/UI/Scaling_Down.uexp" 1454
"../../../Engine/Content/Functions/Engine_MaterialFunctions02/SplitComponents.uasset" 1455
"../../../Engine/Content/Functions/Engine_MaterialFunctions02/SplitComponents.uexp" 1456
"../../../Engine/Content/VREditor/SnapGrid/SnapGridMaterial.uasset" 1457
"../../../Engine/Content/VREditor/SnapGrid/SnapGridMaterial.uexp" 1458
"../../../Engine/Content/VREditor/SnapGrid/SnapGridPlaneMesh.ubulk" 1459
"../../../Engine/Content/VREditor/SnapGrid/SnapGridPlaneMesh.uasset" 1460
"../../../Engine/Content/VREditor/SnapGrid/SnapGridPlaneMesh.uexp" 1461
"../../../Engine/Content/VREditor/Sounds/UI/Scaling_Up.ubulk" 1462
"../../../Engine/Content/VREditor/Sounds/UI/Scaling_Up.uasset" 1463
"../../../Engine/Content/VREditor/Sounds/UI/Scaling_Up.uexp" 1464
"../../../Engine/Content/VREditor/TransformGizmo/TransformGizmoMaterial_Inst.uasset" 1465
"../../../Engine/Content/VREditor/TransformGizmo/TransformGizmoMaterial_Inst.uexp" 1466
"../../../Engine/Content/VREditor/Sounds/UI/Gizmo_Handle_Clicked.ubulk" 1467
"../../../Engine/Content/VREditor/Sounds/UI/Gizmo_Handle_Clicked.uasset" 1468
"../../../Engine/Content/VREditor/Sounds/UI/Gizmo_Handle_Clicked.uexp" 1469
"../../../Engine/Content/VREditor/TransformGizmo/RotationHandleQuarter.ubulk" 1470
"../../../Engine/Content/VREditor/TransformGizmo/RotationHandleQuarter.uasset" 1471
"../../../Engine/Content/VREditor/TransformGizmo/RotationHandleQuarter.uexp" 1472
"../../../Engine/Content/VREditor/TransformGizmo/TranslateArrowHandle.ubulk" 1473
"../../../Engine/Content/VREditor/TransformGizmo/TranslateArrowHandle.uasset" 1474
"../../../Engine/Content/VREditor/TransformGizmo/TranslateArrowHandle.uexp" 1475
"../../../Engine/Content/VREditor/TransformGizmo/RotationHandleIndicator.ubulk" 1476
"../../../Engine/Content/VREditor/TransformGizmo/RotationHandleIndicator.uasset" 1477
"../../../Engine/Content/VREditor/TransformGizmo/RotationHandleIndicator.uexp" 1478
"../../../Engine/Content/VREditor/TransformGizmo/UniformScaleHandle.ubulk" 1479
"../../../Engine/Content/VREditor/TransformGizmo/UniformScaleHandle.uasset" 1480
"../../../Engine/Content/VREditor/TransformGizmo/UniformScaleHandle.uexp" 1481
"../../../Engine/Content/VREditor/TransformGizmo/RotationHandleFull.ubulk" 1482
"../../../Engine/Content/VREditor/TransformGizmo/RotationHandleFull.uasset" 1483
"../../../Engine/Content/VREditor/TransformGizmo/RotationHandleFull.uexp" 1484
"../../../Engine/Content/VREditor/Sounds/UI/Object_PickUp.ubulk" 1485
"../../../Engine/Content/VREditor/Sounds/UI/Object_PickUp.uasset" 1486
"../../../Engine/Content/VREditor/Sounds/UI/Object_PickUp.uexp" 1487
"../../../Engine/Plugins/Animation/DeformerGraph/Content/DeformerFunctions/DG_Function_ComputeNormalsTangents.uasset" 1488
"../../../Engine/Plugins/Animation/DeformerGraph/Content/DeformerFunctions/DG_Function_ComputeNormalsTangents.uexp" 1489
"../../../Engine/Plugins/Animation/DeformerGraph/Content/DeformerFunctions/DG_Function_LinearBlendSkin_Morph_Cloth.uasset" 1490
"../../../Engine/Plugins/Animation/DeformerGraph/Content/DeformerFunctions/DG_Function_LinearBlendSkin_Morph_Cloth.uexp" 1491
"../../../Engine/Plugins/Animation/DeformerGraph/Content/DeformerFunctions/DG_Function_LinearBlendSkin_Morph_Cloth_PositionOnly.uasset" 1492
"../../../Engine/Plugins/Animation/DeformerGraph/Content/DeformerFunctions/DG_Function_LinearBlendSkin_Morph_Cloth_PositionOnly.uexp" 1493
"../../../Engine/Plugins/Animation/DeformerGraph/Content/Deformers/DG_LinearBlendSkin_Morph_Cloth.uasset" 1494
"../../../Engine/Plugins/Animation/DeformerGraph/Content/Deformers/DG_LinearBlendSkin_Morph_Cloth.uexp" 1495
"../../../Engine/Plugins/Animation/DeformerGraph/Content/Deformers/DG_LinearBlendSkin_Morph_Cloth_RecomputeNormals.uasset" 1496
"../../../Engine/Plugins/Animation/DeformerGraph/Content/Deformers/DG_LinearBlendSkin_Morph_Cloth_RecomputeNormals.uexp" 1497
"../../../Engine/Plugins/NNE/NNEDenoiser/Content/NNEDT_Oidn2-3_Balanced.uasset" 1498
"../../../Engine/Plugins/NNE/NNEDenoiser/Content/NNEDT_Oidn2-3_Balanced.uexp" 1499
"../../../Engine/Plugins/NNE/NNEDenoiser/Content/NNEDT_Oidn2-3_Balanced_Alpha.uasset" 1500
"../../../Engine/Plugins/NNE/NNEDenoiser/Content/NNEDT_Oidn2-3_Balanced_Alpha.uexp" 1501
"../../../Engine/Plugins/NNE/NNEDenoiser/Content/NNED_Oidn2-3_Balanced.uasset" 1502
"../../../Engine/Plugins/NNE/NNEDenoiser/Content/NNED_Oidn2-3_Balanced.uexp" 1503
"../../../Engine/Plugins/NNE/NNEDenoiser/Content/NNED_Oidn2-3_Balanced_Alpha.uasset" 1504
"../../../Engine/Plugins/NNE/NNEDenoiser/Content/NNED_Oidn2-3_Balanced_Alpha.uexp" 1505
"../../../Engine/Plugins/NNE/NNEDenoiser/Content/NNED_Oidn2-3_Fast.uasset" 1506
"../../../Engine/Plugins/NNE/NNEDenoiser/Content/NNED_Oidn2-3_Fast.uexp" 1507
"../../../Engine/Plugins/NNE/NNEDenoiser/Content/NNED_Oidn2-3_Fast_Alpha.uasset" 1508
"../../../Engine/Plugins/NNE/NNEDenoiser/Content/NNED_Oidn2-3_Fast_Alpha.uexp" 1509
"../../../Engine/Plugins/NNE/NNEDenoiser/Content/NNED_Oidn2-3_HighQuality.uasset" 1510
"../../../Engine/Plugins/NNE/NNEDenoiser/Content/NNED_Oidn2-3_HighQuality.uexp" 1511
"../../../Engine/Plugins/NNE/NNEDenoiser/Content/NNED_Oidn2-3_HighQuality_Alpha.uasset" 1512
"../../../Engine/Plugins/NNE/NNEDenoiser/Content/NNED_Oidn2-3_HighQuality_Alpha.uexp" 1513
"../../../Engine/Plugins/NNE/NNEDenoiser/Content/NNE_oidn2-3-0_rt_hdr_alb_nrm_small__dyn__fp16_opset11_DenoiseAlpha.uasset" 1514
"../../../Engine/Plugins/NNE/NNEDenoiser/Content/NNE_oidn2-3-0_rt_hdr_alb_nrm_small__dyn__fp16_opset11_DenoiseAlpha.uexp" 1515
"../../../Engine/Plugins/NNE/NNEDenoiser/Content/NNE_oidn2-3-0_rt_hdr_alb_nrm_small__dyn__fp16_opset11_ForwardAlpha.uasset" 1516
"../../../Engine/Plugins/NNE/NNEDenoiser/Content/NNE_oidn2-3-0_rt_hdr_alb_nrm_small__dyn__fp16_opset11_ForwardAlpha.uexp" 1517
"../../../Engine/Plugins/NNE/NNEDenoiser/Content/NNE_oidn2-3-0_rt_hdr_alb_nrm__dyn__fp16_opset11_DenoiseAlpha.uasset" 1518
"../../../Engine/Plugins/NNE/NNEDenoiser/Content/NNE_oidn2-3-0_rt_hdr_alb_nrm__dyn__fp16_opset11_DenoiseAlpha.uexp" 1519
"../../../Engine/Plugins/NNE/NNEDenoiser/Content/NNE_oidn2-3-0_rt_hdr_alb_nrm__dyn__fp16_opset11_ForwardAlpha.uasset" 1520
"../../../Engine/Plugins/NNE/NNEDenoiser/Content/NNE_oidn2-3-0_rt_hdr_alb_nrm__dyn__fp16_opset11_ForwardAlpha.uexp" 1521
"../../../Engine/Plugins/NNE/NNEDenoiser/Content/NNE_oidn2-3-0_rt_hdr_calb_cnrm_large__dyn__fp16_opset11_DenoiseAlpha.uasset" 1522
"../../../Engine/Plugins/NNE/NNEDenoiser/Content/NNE_oidn2-3-0_rt_hdr_calb_cnrm_large__dyn__fp16_opset11_DenoiseAlpha.uexp" 1523
"../../../Engine/Plugins/NNE/NNEDenoiser/Content/NNE_oidn2-3-0_rt_hdr_calb_cnrm_large__dyn__fp16_opset11_ForwardAlpha.uasset" 1524
"../../../Engine/Plugins/NNE/NNEDenoiser/Content/NNE_oidn2-3-0_rt_hdr_calb_cnrm_large__dyn__fp16_opset11_ForwardAlpha.uexp" 1525
"C:/Users/tonya/Desktop/Git/GameFeelUnreal/RTS/Content/TopDown/Blueprints/BP_Menu.uasset" 1526
"C:/Users/tonya/Desktop/Git/GameFeelUnreal/RTS/Content/TopDown/Blueprints/BP_Menu.uexp" 1527
"C:/Users/tonya/Desktop/Git/GameFeelUnreal/RTS/Content/TopDown/Sounds/SA_BasicAttenuation.uasset" 1528
"C:/Users/tonya/Desktop/Git/GameFeelUnreal/RTS/Content/TopDown/Sounds/SA_BasicAttenuation.uexp" 1529
"C:/Users/tonya/Desktop/Git/GameFeelUnreal/RTS/Content/TopDown/Sounds/s_MainMenuTheme.ubulk" 1530
"C:/Users/tonya/Desktop/Git/GameFeelUnreal/RTS/Content/TopDown/Sounds/s_MainMenuTheme.uasset" 1531
"C:/Users/tonya/Desktop/Git/GameFeelUnreal/RTS/Content/TopDown/Sounds/s_MainMenuTheme.uexp" 1532
"C:/Users/tonya/Desktop/Git/GameFeelUnreal/RTS/Content/TopDown/Sounds/SC_MainMenu_Cue.uasset" 1533
"C:/Users/tonya/Desktop/Git/GameFeelUnreal/RTS/Content/TopDown/Sounds/SC_MainMenu_Cue.uexp" 1534
"C:/Users/tonya/Desktop/Git/GameFeelUnreal/RTS/Content/TopDown/Image/Murallas_del_Futuro_2.uasset" 1535
"C:/Users/tonya/Desktop/Git/GameFeelUnreal/RTS/Content/TopDown/Image/Murallas_del_Futuro_2.uexp" 1536
"C:/Users/tonya/Desktop/Git/GameFeelUnreal/RTS/Content/TopDown/Blueprints/Widget/WBP_MainMenu.uasset" 1537
"C:/Users/tonya/Desktop/Git/GameFeelUnreal/RTS/Content/TopDown/Blueprints/Widget/WBP_MainMenu.uexp" 1538
"C:/Users/tonya/Desktop/Git/GameFeelUnreal/RTS/Content/TopDown/Maps/MainMenu.uexp" 1539
"C:/Users/tonya/Desktop/Git/GameFeelUnreal/RTS/Content/TopDown/Maps/MainMenu.umap" 1540
"C:/Users/tonya/Desktop/Git/GameFeelUnreal/RTS/Content/TopDown/Sounds/s_GameAmbience.ubulk" 1541
"C:/Users/tonya/Desktop/Git/GameFeelUnreal/RTS/Content/TopDown/Sounds/s_GameAmbience.uasset" 1542
"C:/Users/tonya/Desktop/Git/GameFeelUnreal/RTS/Content/TopDown/Sounds/s_GameAmbience.uexp" 1543
"C:/Users/tonya/Desktop/Git/GameFeelUnreal/RTS/Content/TopDown/Sounds/SC_Ambience_Cue.uasset" 1544
"C:/Users/tonya/Desktop/Git/GameFeelUnreal/RTS/Content/TopDown/Sounds/SC_Ambience_Cue.uexp" 1545
"C:/Users/tonya/Desktop/Git/GameFeelUnreal/RTS/Content/TopDown/Maps/TopDownMap.uexp" 1546
"C:/Users/tonya/Desktop/Git/GameFeelUnreal/RTS/Content/TopDown/Maps/TopDownMap.umap" 1547
"../../../Engine/Content/Maps/Entry_BuiltData.uasset" 1548
"../../../Engine/Content/Maps/Entry_BuiltData.uexp" 1549
"../../../Engine/Content/Maps/Entry.uexp" 1550
"../../../Engine/Content/Maps/Entry.umap" 1551
